--
-- Script was generated by Devart dbForge Studio 2022 for SQL Server, Version 6.3.9.0
-- Product Home Page: http://www.devart.com/dbforge/sql/studio
-- Script date 11/21/2022 6:12:42 PM
-- Target server version: 14.00.2042
-- Target connection string: Data Source=.;Integrated Security=True;User ID=AHMEDYOUSEFF\ahmed
--



SET LANGUAGE 'English'
SET DATEFORMAT ymd
SET ARITHABORT, ANSI_PADDING, ANSI_WARNINGS, CONCAT_NULL_YIELDS_NULL, QUOTED_IDENTIFIER, ANSI_NULLS, NOCOUNT ON
SET NUMERIC_ROUNDABORT, IMPLICIT_TRANSACTIONS, XACT_ABORT OFF
GO

--
-- Backing up database DWHAIRLINE
--
--
-- Create backup folder
--
IF OBJECT_ID('xp_create_subdir') IS NOT NULL
  EXEC xp_create_subdir N'C:\Program Files\Microsoft SQL Server\MSSQL14.MSSQLSERVER\MSSQL\Backup'
--
-- Backup database to the file with the name: <database_name>_<yyyy>_<mm>_<dd>_<hh>_<mi>.bak
--
DECLARE @db_name SYSNAME
SET @db_name = N'DWHAIRLINE'

DECLARE @filepath NVARCHAR(4000)
SET @filepath =
/*define base part*/ N'C:\Program Files\Microsoft SQL Server\MSSQL14.MSSQLSERVER\MSSQL\Backup\' + @db_name + '_' +
/*append date*/ REPLACE(CONVERT(NVARCHAR(10), GETDATE(), 102), '.', '_') + '_' +
/*append time*/ REPLACE(CONVERT(NVARCHAR(5), GETDATE(), 108), ':', '_') + '.bak'

DECLARE @SQL NVARCHAR(MAX)
SET @SQL = 
    N'BACKUP DATABASE ' + QUOTENAME(@db_name) + ' TO DISK = @filepath WITH INIT' + 
      CASE WHEN EXISTS(
                SELECT value
                FROM sys.configurations WITH (NOLOCK)
                WHERE name = 'backup compression default'
          )
        THEN ', COMPRESSION'
        ELSE ''
      END

EXEC sys.sp_executesql @SQL, N'@filepath NVARCHAR(4000)', @filepath = @filepath
GO

USE DWHAIRLINE
GO

IF DB_NAME() <> N'DWHAIRLINE' SET NOEXEC ON
GO
--
-- Delete data from the table 'dbo.RESERVATIONS'
--
TRUNCATE TABLE dbo.RESERVATIONS
GO
--
-- Delete data from the table 'dbo.MARKETING'
--
TRUNCATE TABLE dbo.MARKETING
GO
--
-- Delete data from the table 'dbo.CUSTOMER_CARE'
--
TRUNCATE TABLE dbo.CUSTOMER_CARE
GO
--
-- Delete data from the table 'dbo.TICKETS'
--
DELETE dbo.TICKETS
GO
--
-- Delete data from the table 'dbo.T_DATE'
--
DELETE dbo.T_DATE
GO
--
-- Delete data from the table 'dbo.RESERVATIONS_CHANNEL'
--
DELETE dbo.RESERVATIONS_CHANNEL
GO
--
-- Delete data from the table 'dbo.PROMOTIONS'
--
DELETE dbo.PROMOTIONS
GO
--
-- Delete data from the table 'dbo.PROBLEMS'
--
DELETE dbo.PROBLEMS
GO
--
-- Delete data from the table 'dbo.PASSENGERS'
--
DELETE dbo.PASSENGERS
GO
--
-- Delete data from the table 'dbo.FLIGHTS'
--
DELETE dbo.FLIGHTS
GO
--
-- Delete data from the table 'dbo.AIRCRAFTS'
--
DELETE dbo.AIRCRAFTS
GO

--
-- Inserting data into table dbo.AIRCRAFTS
--
INSERT dbo.AIRCRAFTS(AIRPLANE_PK, AIRPLANE_CODE, AIRPLANE_TYPE, AIRPLANE_CAPACITY) VALUES (1, '80460', 'Airplane', 432)
INSERT dbo.AIRCRAFTS(AIRPLANE_PK, AIRPLANE_CODE, AIRPLANE_TYPE, AIRPLANE_CAPACITY) VALUES (2, '19222', 'Helicopter', 4332)
INSERT dbo.AIRCRAFTS(AIRPLANE_PK, AIRPLANE_CODE, AIRPLANE_TYPE, AIRPLANE_CAPACITY) VALUES (3, '86849', 'Airplane', 3206)
INSERT dbo.AIRCRAFTS(AIRPLANE_PK, AIRPLANE_CODE, AIRPLANE_TYPE, AIRPLANE_CAPACITY) VALUES (4, '08276', 'Helicopter', 1073)
INSERT dbo.AIRCRAFTS(AIRPLANE_PK, AIRPLANE_CODE, AIRPLANE_TYPE, AIRPLANE_CAPACITY) VALUES (5, '23003', 'Helicopter', 2648)
INSERT dbo.AIRCRAFTS(AIRPLANE_PK, AIRPLANE_CODE, AIRPLANE_TYPE, AIRPLANE_CAPACITY) VALUES (6, '68767', 'Airplane', 3038)
INSERT dbo.AIRCRAFTS(AIRPLANE_PK, AIRPLANE_CODE, AIRPLANE_TYPE, AIRPLANE_CAPACITY) VALUES (7, '47864', 'Helicopter', 2520)
INSERT dbo.AIRCRAFTS(AIRPLANE_PK, AIRPLANE_CODE, AIRPLANE_TYPE, AIRPLANE_CAPACITY) VALUES (8, '44963', 'Airplane', 1292)
INSERT dbo.AIRCRAFTS(AIRPLANE_PK, AIRPLANE_CODE, AIRPLANE_TYPE, AIRPLANE_CAPACITY) VALUES (9, '15878', 'Helicopter', 893)
INSERT dbo.AIRCRAFTS(AIRPLANE_PK, AIRPLANE_CODE, AIRPLANE_TYPE, AIRPLANE_CAPACITY) VALUES (10, '40093', 'Helicopter', 2169)
INSERT dbo.AIRCRAFTS(AIRPLANE_PK, AIRPLANE_CODE, AIRPLANE_TYPE, AIRPLANE_CAPACITY) VALUES (11, '75351', 'Airplane', 4158)
INSERT dbo.AIRCRAFTS(AIRPLANE_PK, AIRPLANE_CODE, AIRPLANE_TYPE, AIRPLANE_CAPACITY) VALUES (12, '34115', 'Helicopter', 2198)
INSERT dbo.AIRCRAFTS(AIRPLANE_PK, AIRPLANE_CODE, AIRPLANE_TYPE, AIRPLANE_CAPACITY) VALUES (13, '89169', 'Helicopter', 1546)
INSERT dbo.AIRCRAFTS(AIRPLANE_PK, AIRPLANE_CODE, AIRPLANE_TYPE, AIRPLANE_CAPACITY) VALUES (14, '37957', 'Helicopter', 4270)
INSERT dbo.AIRCRAFTS(AIRPLANE_PK, AIRPLANE_CODE, AIRPLANE_TYPE, AIRPLANE_CAPACITY) VALUES (15, '05398', 'Helicopter', 2475)
INSERT dbo.AIRCRAFTS(AIRPLANE_PK, AIRPLANE_CODE, AIRPLANE_TYPE, AIRPLANE_CAPACITY) VALUES (16, '69532', 'Airplane', 610)
INSERT dbo.AIRCRAFTS(AIRPLANE_PK, AIRPLANE_CODE, AIRPLANE_TYPE, AIRPLANE_CAPACITY) VALUES (17, '93261', 'Airplane', 854)
INSERT dbo.AIRCRAFTS(AIRPLANE_PK, AIRPLANE_CODE, AIRPLANE_TYPE, AIRPLANE_CAPACITY) VALUES (18, '76457', 'Airplane', 723)
INSERT dbo.AIRCRAFTS(AIRPLANE_PK, AIRPLANE_CODE, AIRPLANE_TYPE, AIRPLANE_CAPACITY) VALUES (19, '33589', 'Airplane', 767)
INSERT dbo.AIRCRAFTS(AIRPLANE_PK, AIRPLANE_CODE, AIRPLANE_TYPE, AIRPLANE_CAPACITY) VALUES (20, '32014', 'Airplane', 912)
INSERT dbo.AIRCRAFTS(AIRPLANE_PK, AIRPLANE_CODE, AIRPLANE_TYPE, AIRPLANE_CAPACITY) VALUES (21, '88231', 'Helicopter', 4567)
INSERT dbo.AIRCRAFTS(AIRPLANE_PK, AIRPLANE_CODE, AIRPLANE_TYPE, AIRPLANE_CAPACITY) VALUES (22, '16874', 'Helicopter', 2452)
INSERT dbo.AIRCRAFTS(AIRPLANE_PK, AIRPLANE_CODE, AIRPLANE_TYPE, AIRPLANE_CAPACITY) VALUES (23, '01414', 'Helicopter', 3084)
INSERT dbo.AIRCRAFTS(AIRPLANE_PK, AIRPLANE_CODE, AIRPLANE_TYPE, AIRPLANE_CAPACITY) VALUES (24, '51627', 'Airplane', 312)
INSERT dbo.AIRCRAFTS(AIRPLANE_PK, AIRPLANE_CODE, AIRPLANE_TYPE, AIRPLANE_CAPACITY) VALUES (25, '82218', 'Helicopter', 2353)
INSERT dbo.AIRCRAFTS(AIRPLANE_PK, AIRPLANE_CODE, AIRPLANE_TYPE, AIRPLANE_CAPACITY) VALUES (26, '38423', 'Helicopter', 4474)
INSERT dbo.AIRCRAFTS(AIRPLANE_PK, AIRPLANE_CODE, AIRPLANE_TYPE, AIRPLANE_CAPACITY) VALUES (27, '55629', 'Helicopter', 706)
INSERT dbo.AIRCRAFTS(AIRPLANE_PK, AIRPLANE_CODE, AIRPLANE_TYPE, AIRPLANE_CAPACITY) VALUES (28, '76086', 'Airplane', 2140)
INSERT dbo.AIRCRAFTS(AIRPLANE_PK, AIRPLANE_CODE, AIRPLANE_TYPE, AIRPLANE_CAPACITY) VALUES (29, '96465', 'Helicopter', 3644)
INSERT dbo.AIRCRAFTS(AIRPLANE_PK, AIRPLANE_CODE, AIRPLANE_TYPE, AIRPLANE_CAPACITY) VALUES (30, '24936', 'Helicopter', 4331)
INSERT dbo.AIRCRAFTS(AIRPLANE_PK, AIRPLANE_CODE, AIRPLANE_TYPE, AIRPLANE_CAPACITY) VALUES (31, '85820', 'Airplane', 1150)
INSERT dbo.AIRCRAFTS(AIRPLANE_PK, AIRPLANE_CODE, AIRPLANE_TYPE, AIRPLANE_CAPACITY) VALUES (32, '48781', 'Airplane', 4168)
INSERT dbo.AIRCRAFTS(AIRPLANE_PK, AIRPLANE_CODE, AIRPLANE_TYPE, AIRPLANE_CAPACITY) VALUES (33, '84404', 'Airplane', 2379)
INSERT dbo.AIRCRAFTS(AIRPLANE_PK, AIRPLANE_CODE, AIRPLANE_TYPE, AIRPLANE_CAPACITY) VALUES (34, '62008', 'Helicopter', 2128)
INSERT dbo.AIRCRAFTS(AIRPLANE_PK, AIRPLANE_CODE, AIRPLANE_TYPE, AIRPLANE_CAPACITY) VALUES (35, '94299', 'Airplane', 1834)
INSERT dbo.AIRCRAFTS(AIRPLANE_PK, AIRPLANE_CODE, AIRPLANE_TYPE, AIRPLANE_CAPACITY) VALUES (36, '47426', 'Airplane', 4140)
INSERT dbo.AIRCRAFTS(AIRPLANE_PK, AIRPLANE_CODE, AIRPLANE_TYPE, AIRPLANE_CAPACITY) VALUES (37, '63555', 'Airplane', 1092)
INSERT dbo.AIRCRAFTS(AIRPLANE_PK, AIRPLANE_CODE, AIRPLANE_TYPE, AIRPLANE_CAPACITY) VALUES (38, '09892', 'Airplane', 3907)
INSERT dbo.AIRCRAFTS(AIRPLANE_PK, AIRPLANE_CODE, AIRPLANE_TYPE, AIRPLANE_CAPACITY) VALUES (39, '03167', 'Airplane', 2200)
INSERT dbo.AIRCRAFTS(AIRPLANE_PK, AIRPLANE_CODE, AIRPLANE_TYPE, AIRPLANE_CAPACITY) VALUES (40, '93063', 'Helicopter', 2089)
INSERT dbo.AIRCRAFTS(AIRPLANE_PK, AIRPLANE_CODE, AIRPLANE_TYPE, AIRPLANE_CAPACITY) VALUES (41, '43815', 'Helicopter', 2721)
INSERT dbo.AIRCRAFTS(AIRPLANE_PK, AIRPLANE_CODE, AIRPLANE_TYPE, AIRPLANE_CAPACITY) VALUES (42, '17692', 'Airplane', 4328)
INSERT dbo.AIRCRAFTS(AIRPLANE_PK, AIRPLANE_CODE, AIRPLANE_TYPE, AIRPLANE_CAPACITY) VALUES (43, '70076', 'Airplane', 820)
INSERT dbo.AIRCRAFTS(AIRPLANE_PK, AIRPLANE_CODE, AIRPLANE_TYPE, AIRPLANE_CAPACITY) VALUES (44, '22225', 'Helicopter', 482)
INSERT dbo.AIRCRAFTS(AIRPLANE_PK, AIRPLANE_CODE, AIRPLANE_TYPE, AIRPLANE_CAPACITY) VALUES (45, '99070', 'Helicopter', 1935)
INSERT dbo.AIRCRAFTS(AIRPLANE_PK, AIRPLANE_CODE, AIRPLANE_TYPE, AIRPLANE_CAPACITY) VALUES (46, '62888', 'Helicopter', 3107)
INSERT dbo.AIRCRAFTS(AIRPLANE_PK, AIRPLANE_CODE, AIRPLANE_TYPE, AIRPLANE_CAPACITY) VALUES (47, '45043', 'Airplane', 585)
INSERT dbo.AIRCRAFTS(AIRPLANE_PK, AIRPLANE_CODE, AIRPLANE_TYPE, AIRPLANE_CAPACITY) VALUES (48, '70580', 'Helicopter', 890)
INSERT dbo.AIRCRAFTS(AIRPLANE_PK, AIRPLANE_CODE, AIRPLANE_TYPE, AIRPLANE_CAPACITY) VALUES (49, '02368', 'Helicopter', 3073)
INSERT dbo.AIRCRAFTS(AIRPLANE_PK, AIRPLANE_CODE, AIRPLANE_TYPE, AIRPLANE_CAPACITY) VALUES (50, '84763', 'Helicopter', 837)
GO

--
-- Inserting data into table dbo.FLIGHTS
--
INSERT dbo.FLIGHTS(FLIGHT_PK, FLIGHT_NUMBER, FLIGHT_ARRIVAL_CITY, FLIGHT_DEPARTURE_CITY, ARRIVAL_TIME, DEPARTURE_TIME, FLIGHT_DURATION) VALUES (1, 46391, 'Israel', 'New Zealand', '2014-10-18', '2017-03-17', 16)
INSERT dbo.FLIGHTS(FLIGHT_PK, FLIGHT_NUMBER, FLIGHT_ARRIVAL_CITY, FLIGHT_DEPARTURE_CITY, ARRIVAL_TIME, DEPARTURE_TIME, FLIGHT_DURATION) VALUES (2, 18978, 'Qatar', 'Nepal', '1992-03-02', '1974-09-10', 26)
INSERT dbo.FLIGHTS(FLIGHT_PK, FLIGHT_NUMBER, FLIGHT_ARRIVAL_CITY, FLIGHT_DEPARTURE_CITY, ARRIVAL_TIME, DEPARTURE_TIME, FLIGHT_DURATION) VALUES (3, 50865, 'Lithuania', 'India', '2015-12-27', '1981-04-15', 25)
INSERT dbo.FLIGHTS(FLIGHT_PK, FLIGHT_NUMBER, FLIGHT_ARRIVAL_CITY, FLIGHT_DEPARTURE_CITY, ARRIVAL_TIME, DEPARTURE_TIME, FLIGHT_DURATION) VALUES (4, 23881, 'Luxembourg', 'Bulgaria', '1988-08-18', '1970-03-09', 35)
INSERT dbo.FLIGHTS(FLIGHT_PK, FLIGHT_NUMBER, FLIGHT_ARRIVAL_CITY, FLIGHT_DEPARTURE_CITY, ARRIVAL_TIME, DEPARTURE_TIME, FLIGHT_DURATION) VALUES (5, 66501, 'Chile', 'France', '2000-05-18', '1971-03-21', 31)
INSERT dbo.FLIGHTS(FLIGHT_PK, FLIGHT_NUMBER, FLIGHT_ARRIVAL_CITY, FLIGHT_DEPARTURE_CITY, ARRIVAL_TIME, DEPARTURE_TIME, FLIGHT_DURATION) VALUES (6, 31888, 'Bulgaria', 'Ecuador', '1997-11-24', '2009-08-01', 10)
INSERT dbo.FLIGHTS(FLIGHT_PK, FLIGHT_NUMBER, FLIGHT_ARRIVAL_CITY, FLIGHT_DEPARTURE_CITY, ARRIVAL_TIME, DEPARTURE_TIME, FLIGHT_DURATION) VALUES (7, 75922, 'Kenya', 'Namibia', '1971-07-21', '1987-09-28', 35)
INSERT dbo.FLIGHTS(FLIGHT_PK, FLIGHT_NUMBER, FLIGHT_ARRIVAL_CITY, FLIGHT_DEPARTURE_CITY, ARRIVAL_TIME, DEPARTURE_TIME, FLIGHT_DURATION) VALUES (8, 46885, 'Bahrain', 'Fiji', '1972-07-03', '1989-04-07', 31)
INSERT dbo.FLIGHTS(FLIGHT_PK, FLIGHT_NUMBER, FLIGHT_ARRIVAL_CITY, FLIGHT_DEPARTURE_CITY, ARRIVAL_TIME, DEPARTURE_TIME, FLIGHT_DURATION) VALUES (9, 48789, 'New Zealand', 'Fiji', '1991-08-26', '1990-05-03', 22)
INSERT dbo.FLIGHTS(FLIGHT_PK, FLIGHT_NUMBER, FLIGHT_ARRIVAL_CITY, FLIGHT_DEPARTURE_CITY, ARRIVAL_TIME, DEPARTURE_TIME, FLIGHT_DURATION) VALUES (10, 95662, 'Malawi', 'Switzerland', '2017-02-08', '2002-02-25', 35)
INSERT dbo.FLIGHTS(FLIGHT_PK, FLIGHT_NUMBER, FLIGHT_ARRIVAL_CITY, FLIGHT_DEPARTURE_CITY, ARRIVAL_TIME, DEPARTURE_TIME, FLIGHT_DURATION) VALUES (11, 26615, 'Bahrain', 'Afghanistan', '1975-07-25', '1976-08-11', 14)
INSERT dbo.FLIGHTS(FLIGHT_PK, FLIGHT_NUMBER, FLIGHT_ARRIVAL_CITY, FLIGHT_DEPARTURE_CITY, ARRIVAL_TIME, DEPARTURE_TIME, FLIGHT_DURATION) VALUES (12, 73342, 'Saudi Arabia', 'Pakistan', '1970-01-31', '1971-09-05', 38)
INSERT dbo.FLIGHTS(FLIGHT_PK, FLIGHT_NUMBER, FLIGHT_ARRIVAL_CITY, FLIGHT_DEPARTURE_CITY, ARRIVAL_TIME, DEPARTURE_TIME, FLIGHT_DURATION) VALUES (13, 23297, 'Singapore', 'Iceland', '2015-12-22', '1999-11-08', 34)
INSERT dbo.FLIGHTS(FLIGHT_PK, FLIGHT_NUMBER, FLIGHT_ARRIVAL_CITY, FLIGHT_DEPARTURE_CITY, ARRIVAL_TIME, DEPARTURE_TIME, FLIGHT_DURATION) VALUES (14, 31141, 'Zimbabwe', 'Portugal', '2003-11-12', '1986-05-05', 16)
INSERT dbo.FLIGHTS(FLIGHT_PK, FLIGHT_NUMBER, FLIGHT_ARRIVAL_CITY, FLIGHT_DEPARTURE_CITY, ARRIVAL_TIME, DEPARTURE_TIME, FLIGHT_DURATION) VALUES (15, 89129, 'Swaziland', 'Chile', '1970-01-14', '2000-07-31', 5)
INSERT dbo.FLIGHTS(FLIGHT_PK, FLIGHT_NUMBER, FLIGHT_ARRIVAL_CITY, FLIGHT_DEPARTURE_CITY, ARRIVAL_TIME, DEPARTURE_TIME, FLIGHT_DURATION) VALUES (16, 85165, 'Panama', 'Japan', '1977-11-07', '1970-01-01', 5)
INSERT dbo.FLIGHTS(FLIGHT_PK, FLIGHT_NUMBER, FLIGHT_ARRIVAL_CITY, FLIGHT_DEPARTURE_CITY, ARRIVAL_TIME, DEPARTURE_TIME, FLIGHT_DURATION) VALUES (17, 80398, 'Philippines', 'Belgium', '1982-03-07', '1992-07-29', 5)
INSERT dbo.FLIGHTS(FLIGHT_PK, FLIGHT_NUMBER, FLIGHT_ARRIVAL_CITY, FLIGHT_DEPARTURE_CITY, ARRIVAL_TIME, DEPARTURE_TIME, FLIGHT_DURATION) VALUES (18, 98022, 'Nepal', 'Uganda', '1987-01-29', '2009-09-27', 32)
INSERT dbo.FLIGHTS(FLIGHT_PK, FLIGHT_NUMBER, FLIGHT_ARRIVAL_CITY, FLIGHT_DEPARTURE_CITY, ARRIVAL_TIME, DEPARTURE_TIME, FLIGHT_DURATION) VALUES (19, 24523, 'Sierra Leone', 'New Zealand', '1970-01-06', '1990-09-24', 14)
INSERT dbo.FLIGHTS(FLIGHT_PK, FLIGHT_NUMBER, FLIGHT_ARRIVAL_CITY, FLIGHT_DEPARTURE_CITY, ARRIVAL_TIME, DEPARTURE_TIME, FLIGHT_DURATION) VALUES (20, 39357, 'Slovakia', 'Italy', '1989-07-10', '1993-09-23', 9)
INSERT dbo.FLIGHTS(FLIGHT_PK, FLIGHT_NUMBER, FLIGHT_ARRIVAL_CITY, FLIGHT_DEPARTURE_CITY, ARRIVAL_TIME, DEPARTURE_TIME, FLIGHT_DURATION) VALUES (21, 79885, 'Sierra Leone', 'Belgium', '1992-05-20', '1990-02-08', 30)
INSERT dbo.FLIGHTS(FLIGHT_PK, FLIGHT_NUMBER, FLIGHT_ARRIVAL_CITY, FLIGHT_DEPARTURE_CITY, ARRIVAL_TIME, DEPARTURE_TIME, FLIGHT_DURATION) VALUES (22, 68537, 'Samoa', 'Slovenia', '1979-05-27', '2012-02-23', 14)
INSERT dbo.FLIGHTS(FLIGHT_PK, FLIGHT_NUMBER, FLIGHT_ARRIVAL_CITY, FLIGHT_DEPARTURE_CITY, ARRIVAL_TIME, DEPARTURE_TIME, FLIGHT_DURATION) VALUES (23, 92075, 'Georgia', 'Hungary', '1983-05-30', '1970-01-09', 40)
INSERT dbo.FLIGHTS(FLIGHT_PK, FLIGHT_NUMBER, FLIGHT_ARRIVAL_CITY, FLIGHT_DEPARTURE_CITY, ARRIVAL_TIME, DEPARTURE_TIME, FLIGHT_DURATION) VALUES (24, 37452, 'Italy', 'Turkey', '1971-10-09', '2008-06-04', 19)
INSERT dbo.FLIGHTS(FLIGHT_PK, FLIGHT_NUMBER, FLIGHT_ARRIVAL_CITY, FLIGHT_DEPARTURE_CITY, ARRIVAL_TIME, DEPARTURE_TIME, FLIGHT_DURATION) VALUES (25, 43897, 'Singapore', 'Nigeria', '1973-04-28', '2021-09-27', 24)
INSERT dbo.FLIGHTS(FLIGHT_PK, FLIGHT_NUMBER, FLIGHT_ARRIVAL_CITY, FLIGHT_DEPARTURE_CITY, ARRIVAL_TIME, DEPARTURE_TIME, FLIGHT_DURATION) VALUES (26, 17957, 'Norway', 'Albania', '1998-12-25', '1984-08-23', 36)
INSERT dbo.FLIGHTS(FLIGHT_PK, FLIGHT_NUMBER, FLIGHT_ARRIVAL_CITY, FLIGHT_DEPARTURE_CITY, ARRIVAL_TIME, DEPARTURE_TIME, FLIGHT_DURATION) VALUES (27, 8088, 'Cyprus', 'Mexico', '1981-01-25', '1970-03-06', 32)
INSERT dbo.FLIGHTS(FLIGHT_PK, FLIGHT_NUMBER, FLIGHT_ARRIVAL_CITY, FLIGHT_DEPARTURE_CITY, ARRIVAL_TIME, DEPARTURE_TIME, FLIGHT_DURATION) VALUES (28, 50521, 'Belize', 'Indonesia', '1975-02-07', '1970-01-03', 24)
INSERT dbo.FLIGHTS(FLIGHT_PK, FLIGHT_NUMBER, FLIGHT_ARRIVAL_CITY, FLIGHT_DEPARTURE_CITY, ARRIVAL_TIME, DEPARTURE_TIME, FLIGHT_DURATION) VALUES (29, 32624, 'Gambia', 'Afghanistan', '1986-11-28', '1987-04-11', 6)
INSERT dbo.FLIGHTS(FLIGHT_PK, FLIGHT_NUMBER, FLIGHT_ARRIVAL_CITY, FLIGHT_DEPARTURE_CITY, ARRIVAL_TIME, DEPARTURE_TIME, FLIGHT_DURATION) VALUES (30, 18440, 'Guatemala', 'Israel', '2005-07-26', '1990-07-20', 19)
INSERT dbo.FLIGHTS(FLIGHT_PK, FLIGHT_NUMBER, FLIGHT_ARRIVAL_CITY, FLIGHT_DEPARTURE_CITY, ARRIVAL_TIME, DEPARTURE_TIME, FLIGHT_DURATION) VALUES (31, 56838, 'Luxembourg', 'Austria', '1990-06-13', '1970-04-08', 19)
INSERT dbo.FLIGHTS(FLIGHT_PK, FLIGHT_NUMBER, FLIGHT_ARRIVAL_CITY, FLIGHT_DEPARTURE_CITY, ARRIVAL_TIME, DEPARTURE_TIME, FLIGHT_DURATION) VALUES (32, 82923, 'Qatar', 'Gambia', '1971-09-15', '1982-06-18', 9)
INSERT dbo.FLIGHTS(FLIGHT_PK, FLIGHT_NUMBER, FLIGHT_ARRIVAL_CITY, FLIGHT_DEPARTURE_CITY, ARRIVAL_TIME, DEPARTURE_TIME, FLIGHT_DURATION) VALUES (33, 44362, 'Bangladesh', 'Singapore', '2016-02-14', '1997-03-28', 14)
INSERT dbo.FLIGHTS(FLIGHT_PK, FLIGHT_NUMBER, FLIGHT_ARRIVAL_CITY, FLIGHT_DEPARTURE_CITY, ARRIVAL_TIME, DEPARTURE_TIME, FLIGHT_DURATION) VALUES (34, 76314, 'Kuwait', 'Singapore', '1982-01-28', '2020-02-13', 30)
INSERT dbo.FLIGHTS(FLIGHT_PK, FLIGHT_NUMBER, FLIGHT_ARRIVAL_CITY, FLIGHT_DEPARTURE_CITY, ARRIVAL_TIME, DEPARTURE_TIME, FLIGHT_DURATION) VALUES (35, 80069, 'Albania', 'Nigeria', '1993-05-27', '1970-11-26', 36)
INSERT dbo.FLIGHTS(FLIGHT_PK, FLIGHT_NUMBER, FLIGHT_ARRIVAL_CITY, FLIGHT_DEPARTURE_CITY, ARRIVAL_TIME, DEPARTURE_TIME, FLIGHT_DURATION) VALUES (36, 74381, 'Yemen', 'Sri Lanka', '1970-01-05', '1988-10-04', 21)
INSERT dbo.FLIGHTS(FLIGHT_PK, FLIGHT_NUMBER, FLIGHT_ARRIVAL_CITY, FLIGHT_DEPARTURE_CITY, ARRIVAL_TIME, DEPARTURE_TIME, FLIGHT_DURATION) VALUES (37, 81816, 'Samoa', 'Korea', '2017-04-11', '2013-03-14', 32)
INSERT dbo.FLIGHTS(FLIGHT_PK, FLIGHT_NUMBER, FLIGHT_ARRIVAL_CITY, FLIGHT_DEPARTURE_CITY, ARRIVAL_TIME, DEPARTURE_TIME, FLIGHT_DURATION) VALUES (38, 3992, 'Guyana', 'Afghanistan', '1970-04-08', '1989-03-25', 37)
INSERT dbo.FLIGHTS(FLIGHT_PK, FLIGHT_NUMBER, FLIGHT_ARRIVAL_CITY, FLIGHT_DEPARTURE_CITY, ARRIVAL_TIME, DEPARTURE_TIME, FLIGHT_DURATION) VALUES (39, 41932, 'Swaziland', 'Luxembourg', '1999-06-21', '2019-09-09', 31)
INSERT dbo.FLIGHTS(FLIGHT_PK, FLIGHT_NUMBER, FLIGHT_ARRIVAL_CITY, FLIGHT_DEPARTURE_CITY, ARRIVAL_TIME, DEPARTURE_TIME, FLIGHT_DURATION) VALUES (40, 54708, 'Croatia', 'Belgium', '1973-04-01', '1976-01-13', 30)
INSERT dbo.FLIGHTS(FLIGHT_PK, FLIGHT_NUMBER, FLIGHT_ARRIVAL_CITY, FLIGHT_DEPARTURE_CITY, ARRIVAL_TIME, DEPARTURE_TIME, FLIGHT_DURATION) VALUES (41, 70171, 'Cyprus', 'Swaziland', '1970-02-27', '1995-09-24', 21)
INSERT dbo.FLIGHTS(FLIGHT_PK, FLIGHT_NUMBER, FLIGHT_ARRIVAL_CITY, FLIGHT_DEPARTURE_CITY, ARRIVAL_TIME, DEPARTURE_TIME, FLIGHT_DURATION) VALUES (42, 17328, 'Colombia', 'Finland', '1978-06-15', '1970-01-07', 27)
INSERT dbo.FLIGHTS(FLIGHT_PK, FLIGHT_NUMBER, FLIGHT_ARRIVAL_CITY, FLIGHT_DEPARTURE_CITY, ARRIVAL_TIME, DEPARTURE_TIME, FLIGHT_DURATION) VALUES (43, 72136, 'Saudi Arabia', 'Zimbabwe', '1970-02-23', '1976-08-04', 25)
INSERT dbo.FLIGHTS(FLIGHT_PK, FLIGHT_NUMBER, FLIGHT_ARRIVAL_CITY, FLIGHT_DEPARTURE_CITY, ARRIVAL_TIME, DEPARTURE_TIME, FLIGHT_DURATION) VALUES (44, 68827, 'Croatia', 'Georgia', '1971-01-18', '1971-07-29', 9)
INSERT dbo.FLIGHTS(FLIGHT_PK, FLIGHT_NUMBER, FLIGHT_ARRIVAL_CITY, FLIGHT_DEPARTURE_CITY, ARRIVAL_TIME, DEPARTURE_TIME, FLIGHT_DURATION) VALUES (45, 17938, 'Chile', 'Singapore', '1970-09-01', '1970-01-05', 28)
INSERT dbo.FLIGHTS(FLIGHT_PK, FLIGHT_NUMBER, FLIGHT_ARRIVAL_CITY, FLIGHT_DEPARTURE_CITY, ARRIVAL_TIME, DEPARTURE_TIME, FLIGHT_DURATION) VALUES (46, 12999, 'Mongolia', 'Iceland', '1979-06-11', '1970-02-10', 39)
INSERT dbo.FLIGHTS(FLIGHT_PK, FLIGHT_NUMBER, FLIGHT_ARRIVAL_CITY, FLIGHT_DEPARTURE_CITY, ARRIVAL_TIME, DEPARTURE_TIME, FLIGHT_DURATION) VALUES (47, 54062, 'Austria', 'Belgium', '1983-03-30', '1991-10-17', 27)
INSERT dbo.FLIGHTS(FLIGHT_PK, FLIGHT_NUMBER, FLIGHT_ARRIVAL_CITY, FLIGHT_DEPARTURE_CITY, ARRIVAL_TIME, DEPARTURE_TIME, FLIGHT_DURATION) VALUES (48, 56876, 'Romania', 'Gambia', '2005-08-02', '2015-05-09', 16)
INSERT dbo.FLIGHTS(FLIGHT_PK, FLIGHT_NUMBER, FLIGHT_ARRIVAL_CITY, FLIGHT_DEPARTURE_CITY, ARRIVAL_TIME, DEPARTURE_TIME, FLIGHT_DURATION) VALUES (49, 696, 'Estonia', 'Ecuador', '2021-01-04', '1998-04-25', 31)
INSERT dbo.FLIGHTS(FLIGHT_PK, FLIGHT_NUMBER, FLIGHT_ARRIVAL_CITY, FLIGHT_DEPARTURE_CITY, ARRIVAL_TIME, DEPARTURE_TIME, FLIGHT_DURATION) VALUES (50, 71332, 'Bulgaria', 'Pakistan', '1980-02-28', '2004-04-13', 40)
GO

--
-- Inserting data into table dbo.PASSENGERS
--
INSERT dbo.PASSENGERS(PASSENGER_PK, PASSENGER_ID, PASSENGER_TYPE, PASSENGER_NAME, CITY, STATE) VALUES (1, 16014, 'Gold', 'Catherina Overstreet', 'Kingston upon Hull', 'Tennessee')
INSERT dbo.PASSENGERS(PASSENGER_PK, PASSENGER_ID, PASSENGER_TYPE, PASSENGER_NAME, CITY, STATE) VALUES (2, 19131, 'Platinum', 'Stacey Mccune', 'Nottingham', 'Nebraska')
INSERT dbo.PASSENGERS(PASSENGER_PK, PASSENGER_ID, PASSENGER_TYPE, PASSENGER_NAME, CITY, STATE) VALUES (3, 18377, 'Platinum', 'Abram Koontz', 'Reading', 'Alaska')
INSERT dbo.PASSENGERS(PASSENGER_PK, PASSENGER_ID, PASSENGER_TYPE, PASSENGER_NAME, CITY, STATE) VALUES (4, 22928, 'Aluminum', 'Garth Stahl', 'Wolverhampton', 'Oklahoma')
INSERT dbo.PASSENGERS(PASSENGER_PK, PASSENGER_ID, PASSENGER_TYPE, PASSENGER_NAME, CITY, STATE) VALUES (5, 21945, 'Platinum', 'Adelaide Bridges', 'Stockport', 'Arkansas')
INSERT dbo.PASSENGERS(PASSENGER_PK, PASSENGER_ID, PASSENGER_TYPE, PASSENGER_NAME, CITY, STATE) VALUES (6, 26853, 'Aluminum', 'Onita Kurtz', 'Watford', 'Massachusetts')
INSERT dbo.PASSENGERS(PASSENGER_PK, PASSENGER_ID, PASSENGER_TYPE, PASSENGER_NAME, CITY, STATE) VALUES (7, 29441, 'Titanium', 'Letha Begley', 'Preston', 'Rhode Island')
INSERT dbo.PASSENGERS(PASSENGER_PK, PASSENGER_ID, PASSENGER_TYPE, PASSENGER_NAME, CITY, STATE) VALUES (8, 14280, 'Titanium', 'Norberto Abreu', 'Oldham', 'Kansas')
INSERT dbo.PASSENGERS(PASSENGER_PK, PASSENGER_ID, PASSENGER_TYPE, PASSENGER_NAME, CITY, STATE) VALUES (9, 26322, 'Platinum', 'Holly Estrada', 'Cambridge', 'Ohio')
INSERT dbo.PASSENGERS(PASSENGER_PK, PASSENGER_ID, PASSENGER_TYPE, PASSENGER_NAME, CITY, STATE) VALUES (10, 17159, 'Titanium', 'Alex Correia', 'Middlesbrough', 'Montana')
INSERT dbo.PASSENGERS(PASSENGER_PK, PASSENGER_ID, PASSENGER_TYPE, PASSENGER_NAME, CITY, STATE) VALUES (11, 13314, 'Platinum', 'Jacob Acuna', 'Oxford', 'Massachusetts')
INSERT dbo.PASSENGERS(PASSENGER_PK, PASSENGER_ID, PASSENGER_TYPE, PASSENGER_NAME, CITY, STATE) VALUES (12, 26957, 'Gold', 'Haley Otis', 'Milton Keynes', 'Delaware')
INSERT dbo.PASSENGERS(PASSENGER_PK, PASSENGER_ID, PASSENGER_TYPE, PASSENGER_NAME, CITY, STATE) VALUES (13, 14102, 'Titanium', 'Billye Arndt', 'Peterborough', 'Kansas')
INSERT dbo.PASSENGERS(PASSENGER_PK, PASSENGER_ID, PASSENGER_TYPE, PASSENGER_NAME, CITY, STATE) VALUES (14, 26667, 'Titanium', 'Irving Dupre', 'Blackpool', 'Washington')
INSERT dbo.PASSENGERS(PASSENGER_PK, PASSENGER_ID, PASSENGER_TYPE, PASSENGER_NAME, CITY, STATE) VALUES (15, 29346, 'Platinum', 'Derick Squires', 'Rotherham', 'Vermont')
INSERT dbo.PASSENGERS(PASSENGER_PK, PASSENGER_ID, PASSENGER_TYPE, PASSENGER_NAME, CITY, STATE) VALUES (16, 16150, 'Aluminum', 'Cristen Acevedo', 'Colchester', 'Tennessee')
INSERT dbo.PASSENGERS(PASSENGER_PK, PASSENGER_ID, PASSENGER_TYPE, PASSENGER_NAME, CITY, STATE) VALUES (17, 16605, 'Gold', 'Buster Agnew', 'York', 'Delaware')
INSERT dbo.PASSENGERS(PASSENGER_PK, PASSENGER_ID, PASSENGER_TYPE, PASSENGER_NAME, CITY, STATE) VALUES (18, 20999, 'Titanium', 'Kenneth Abernathy', 'Dudley', 'Delaware')
INSERT dbo.PASSENGERS(PASSENGER_PK, PASSENGER_ID, PASSENGER_TYPE, PASSENGER_NAME, CITY, STATE) VALUES (19, 14297, 'Aluminum', 'Bert Acevedo', 'Leeds', 'Georgia')
INSERT dbo.PASSENGERS(PASSENGER_PK, PASSENGER_ID, PASSENGER_TYPE, PASSENGER_NAME, CITY, STATE) VALUES (20, 15570, 'Titanium', 'Abby Cormier', 'Eastbourne', 'Wyoming')
INSERT dbo.PASSENGERS(PASSENGER_PK, PASSENGER_ID, PASSENGER_TYPE, PASSENGER_NAME, CITY, STATE) VALUES (21, 28981, 'Titanium', 'Florrie Browder', 'West Bromwich', 'Oklahoma')
INSERT dbo.PASSENGERS(PASSENGER_PK, PASSENGER_ID, PASSENGER_TYPE, PASSENGER_NAME, CITY, STATE) VALUES (22, 16243, 'Platinum', 'Norbert Toliver', 'Newcastle upon Tyne', 'Alaska')
INSERT dbo.PASSENGERS(PASSENGER_PK, PASSENGER_ID, PASSENGER_TYPE, PASSENGER_NAME, CITY, STATE) VALUES (23, 23801, 'Platinum', 'Leta Hanes', 'Walsall', 'North Carolina')
INSERT dbo.PASSENGERS(PASSENGER_PK, PASSENGER_ID, PASSENGER_TYPE, PASSENGER_NAME, CITY, STATE) VALUES (24, 10947, 'Aluminum', 'John Gaddy', 'Bolton', 'Delaware')
INSERT dbo.PASSENGERS(PASSENGER_PK, PASSENGER_ID, PASSENGER_TYPE, PASSENGER_NAME, CITY, STATE) VALUES (25, 20386, 'Titanium', 'Dewitt Heredia', 'Coventry', 'New Hampshire')
INSERT dbo.PASSENGERS(PASSENGER_PK, PASSENGER_ID, PASSENGER_TYPE, PASSENGER_NAME, CITY, STATE) VALUES (26, 24666, 'Gold', 'Jesse Naylor', 'Bournemouth', 'Nevada')
INSERT dbo.PASSENGERS(PASSENGER_PK, PASSENGER_ID, PASSENGER_TYPE, PASSENGER_NAME, CITY, STATE) VALUES (27, 13839, 'Platinum', 'Damian Abrams', 'Plymouth', 'Ohio')
INSERT dbo.PASSENGERS(PASSENGER_PK, PASSENGER_ID, PASSENGER_TYPE, PASSENGER_NAME, CITY, STATE) VALUES (28, 11653, 'Gold', 'Carolann Crowe', 'Leicester', 'Massachusetts')
INSERT dbo.PASSENGERS(PASSENGER_PK, PASSENGER_ID, PASSENGER_TYPE, PASSENGER_NAME, CITY, STATE) VALUES (29, 11078, 'Aluminum', 'Shakira Siegel', 'Crawley', 'Minnesota')
INSERT dbo.PASSENGERS(PASSENGER_PK, PASSENGER_ID, PASSENGER_TYPE, PASSENGER_NAME, CITY, STATE) VALUES (30, 11877, 'Titanium', 'Antonia Dancy', 'Bradford', 'Utah')
INSERT dbo.PASSENGERS(PASSENGER_PK, PASSENGER_ID, PASSENGER_TYPE, PASSENGER_NAME, CITY, STATE) VALUES (31, 26996, 'Platinum', 'Dario Vance', 'Exeter', 'Nebraska')
INSERT dbo.PASSENGERS(PASSENGER_PK, PASSENGER_ID, PASSENGER_TYPE, PASSENGER_NAME, CITY, STATE) VALUES (32, 26031, 'Titanium', 'Abigail Acevedo', 'Stoke-on-Trent', 'Missouri')
INSERT dbo.PASSENGERS(PASSENGER_PK, PASSENGER_ID, PASSENGER_TYPE, PASSENGER_NAME, CITY, STATE) VALUES (33, 17186, 'Platinum', 'Lyman Ernst', 'Northampton', 'Colorado')
INSERT dbo.PASSENGERS(PASSENGER_PK, PASSENGER_ID, PASSENGER_TYPE, PASSENGER_NAME, CITY, STATE) VALUES (34, 26232, 'Titanium', 'Moises Brewer', 'Poole', 'New Hampshire')
INSERT dbo.PASSENGERS(PASSENGER_PK, PASSENGER_ID, PASSENGER_TYPE, PASSENGER_NAME, CITY, STATE) VALUES (35, 19824, 'Aluminum', 'Belle Burge', 'Derby', 'California')
INSERT dbo.PASSENGERS(PASSENGER_PK, PASSENGER_ID, PASSENGER_TYPE, PASSENGER_NAME, CITY, STATE) VALUES (36, 14399, 'Platinum', 'Otelia Thayer', 'Brighton', 'Ohio')
INSERT dbo.PASSENGERS(PASSENGER_PK, PASSENGER_ID, PASSENGER_TYPE, PASSENGER_NAME, CITY, STATE) VALUES (37, 18185, 'Gold', 'Emil Lyles', 'Norwich', 'New Hampshire')
INSERT dbo.PASSENGERS(PASSENGER_PK, PASSENGER_ID, PASSENGER_TYPE, PASSENGER_NAME, CITY, STATE) VALUES (38, 21709, 'Aluminum', 'Lilla Mojica', 'Portsmouth', 'Maine')
INSERT dbo.PASSENGERS(PASSENGER_PK, PASSENGER_ID, PASSENGER_TYPE, PASSENGER_NAME, CITY, STATE) VALUES (39, 12533, 'Aluminum', 'Sherwood Maness', 'Liverpool', 'Maryland')
INSERT dbo.PASSENGERS(PASSENGER_PK, PASSENGER_ID, PASSENGER_TYPE, PASSENGER_NAME, CITY, STATE) VALUES (40, 27106, 'Platinum', 'Carmine Magee', 'Gloucester', 'California')
INSERT dbo.PASSENGERS(PASSENGER_PK, PASSENGER_ID, PASSENGER_TYPE, PASSENGER_NAME, CITY, STATE) VALUES (41, 17396, 'Aluminum', 'Efren Willson', 'Sheffield', 'West Virginia')
INSERT dbo.PASSENGERS(PASSENGER_PK, PASSENGER_ID, PASSENGER_TYPE, PASSENGER_NAME, CITY, STATE) VALUES (42, 21428, 'Platinum', 'Antonio Belanger', 'London', 'Mississippi')
INSERT dbo.PASSENGERS(PASSENGER_PK, PASSENGER_ID, PASSENGER_TYPE, PASSENGER_NAME, CITY, STATE) VALUES (43, 15750, 'Gold', 'Dana Burger', 'Huddersfield', 'Oklahoma')
INSERT dbo.PASSENGERS(PASSENGER_PK, PASSENGER_ID, PASSENGER_TYPE, PASSENGER_NAME, CITY, STATE) VALUES (44, 29389, 'Titanium', 'Adam Harms', 'Birmingham', 'Oregon')
INSERT dbo.PASSENGERS(PASSENGER_PK, PASSENGER_ID, PASSENGER_TYPE, PASSENGER_NAME, CITY, STATE) VALUES (45, 12673, 'Aluminum', 'Verlie Colby', 'Sunderland', 'Wisconsin')
INSERT dbo.PASSENGERS(PASSENGER_PK, PASSENGER_ID, PASSENGER_TYPE, PASSENGER_NAME, CITY, STATE) VALUES (46, 25397, 'Titanium', 'Barbra Quarles', 'Slough', 'Nevada')
INSERT dbo.PASSENGERS(PASSENGER_PK, PASSENGER_ID, PASSENGER_TYPE, PASSENGER_NAME, CITY, STATE) VALUES (47, 18719, 'Platinum', 'Lettie Murry', 'Bristol', 'New Mexico')
INSERT dbo.PASSENGERS(PASSENGER_PK, PASSENGER_ID, PASSENGER_TYPE, PASSENGER_NAME, CITY, STATE) VALUES (48, 16571, 'Titanium', 'Roberto Joiner', 'Luton', 'Idaho')
INSERT dbo.PASSENGERS(PASSENGER_PK, PASSENGER_ID, PASSENGER_TYPE, PASSENGER_NAME, CITY, STATE) VALUES (49, 18038, 'Platinum', 'Trent Mcclellan', 'Ipswich', 'Mississippi')
INSERT dbo.PASSENGERS(PASSENGER_PK, PASSENGER_ID, PASSENGER_TYPE, PASSENGER_NAME, CITY, STATE) VALUES (50, 26365, 'Gold', 'Velia Lachance', 'Sutton Coldfield', 'North Carolina')
GO

--
-- Inserting data into table dbo.PROBLEMS
--
INSERT dbo.PROBLEMS(PROBLEM_PK, PROBLEM_SEVERITY, PASSENGER_COMPLAINT, INTERACTION_TYPE) VALUES (1, 'severe', 'flight_cancellation', 'survey')
INSERT dbo.PROBLEMS(PROBLEM_PK, PROBLEM_SEVERITY, PASSENGER_COMPLAINT, INTERACTION_TYPE) VALUES (2, 'Mild', 'Passport_loss', 'letter')
INSERT dbo.PROBLEMS(PROBLEM_PK, PROBLEM_SEVERITY, PASSENGER_COMPLAINT, INTERACTION_TYPE) VALUES (3, 'extreme', 'Passport_loss', 'email')
INSERT dbo.PROBLEMS(PROBLEM_PK, PROBLEM_SEVERITY, PASSENGER_COMPLAINT, INTERACTION_TYPE) VALUES (4, 'severe', 'Passport_loss', 'email')
INSERT dbo.PROBLEMS(PROBLEM_PK, PROBLEM_SEVERITY, PASSENGER_COMPLAINT, INTERACTION_TYPE) VALUES (5, 'Mild', 'flight_delay', 'letter')
INSERT dbo.PROBLEMS(PROBLEM_PK, PROBLEM_SEVERITY, PASSENGER_COMPLAINT, INTERACTION_TYPE) VALUES (6, 'extreme', 'flight_cancellation', 'letter')
INSERT dbo.PROBLEMS(PROBLEM_PK, PROBLEM_SEVERITY, PASSENGER_COMPLAINT, INTERACTION_TYPE) VALUES (7, 'Mild', 'Passport_loss', 'letter')
INSERT dbo.PROBLEMS(PROBLEM_PK, PROBLEM_SEVERITY, PASSENGER_COMPLAINT, INTERACTION_TYPE) VALUES (8, 'moderate', 'staff_attitude', 'email')
INSERT dbo.PROBLEMS(PROBLEM_PK, PROBLEM_SEVERITY, PASSENGER_COMPLAINT, INTERACTION_TYPE) VALUES (9, 'moderate', 'flight_delay', 'email')
INSERT dbo.PROBLEMS(PROBLEM_PK, PROBLEM_SEVERITY, PASSENGER_COMPLAINT, INTERACTION_TYPE) VALUES (10, 'extreme', 'flight_cancellation', 'email')
INSERT dbo.PROBLEMS(PROBLEM_PK, PROBLEM_SEVERITY, PASSENGER_COMPLAINT, INTERACTION_TYPE) VALUES (11, 'severe', 'flight_cancellation', 'letter')
INSERT dbo.PROBLEMS(PROBLEM_PK, PROBLEM_SEVERITY, PASSENGER_COMPLAINT, INTERACTION_TYPE) VALUES (12, 'extreme', 'flight_delay', 'survey')
INSERT dbo.PROBLEMS(PROBLEM_PK, PROBLEM_SEVERITY, PASSENGER_COMPLAINT, INTERACTION_TYPE) VALUES (13, 'moderate', 'staff_attitude', 'survey')
INSERT dbo.PROBLEMS(PROBLEM_PK, PROBLEM_SEVERITY, PASSENGER_COMPLAINT, INTERACTION_TYPE) VALUES (14, 'extreme', 'staff_attitude', 'survey')
INSERT dbo.PROBLEMS(PROBLEM_PK, PROBLEM_SEVERITY, PASSENGER_COMPLAINT, INTERACTION_TYPE) VALUES (15, 'severe', 'flight_delay', 'letter')
INSERT dbo.PROBLEMS(PROBLEM_PK, PROBLEM_SEVERITY, PASSENGER_COMPLAINT, INTERACTION_TYPE) VALUES (16, 'severe', 'staff_attitude', 'letter')
INSERT dbo.PROBLEMS(PROBLEM_PK, PROBLEM_SEVERITY, PASSENGER_COMPLAINT, INTERACTION_TYPE) VALUES (17, 'extreme', 'staff_attitude', 'email')
INSERT dbo.PROBLEMS(PROBLEM_PK, PROBLEM_SEVERITY, PASSENGER_COMPLAINT, INTERACTION_TYPE) VALUES (18, 'severe', 'flight_cancellation', 'letter')
INSERT dbo.PROBLEMS(PROBLEM_PK, PROBLEM_SEVERITY, PASSENGER_COMPLAINT, INTERACTION_TYPE) VALUES (19, 'extreme', 'flight_cancellation', 'survey')
INSERT dbo.PROBLEMS(PROBLEM_PK, PROBLEM_SEVERITY, PASSENGER_COMPLAINT, INTERACTION_TYPE) VALUES (20, 'extreme', 'flight_cancellation', 'letter')
INSERT dbo.PROBLEMS(PROBLEM_PK, PROBLEM_SEVERITY, PASSENGER_COMPLAINT, INTERACTION_TYPE) VALUES (21, 'severe', 'Passport_loss', 'letter')
INSERT dbo.PROBLEMS(PROBLEM_PK, PROBLEM_SEVERITY, PASSENGER_COMPLAINT, INTERACTION_TYPE) VALUES (22, 'severe', 'Passport_loss', 'survey')
INSERT dbo.PROBLEMS(PROBLEM_PK, PROBLEM_SEVERITY, PASSENGER_COMPLAINT, INTERACTION_TYPE) VALUES (23, 'Mild', 'staff_attitude', 'letter')
INSERT dbo.PROBLEMS(PROBLEM_PK, PROBLEM_SEVERITY, PASSENGER_COMPLAINT, INTERACTION_TYPE) VALUES (24, 'Mild', 'staff_attitude', 'letter')
INSERT dbo.PROBLEMS(PROBLEM_PK, PROBLEM_SEVERITY, PASSENGER_COMPLAINT, INTERACTION_TYPE) VALUES (25, 'severe', 'flight_delay', 'survey')
INSERT dbo.PROBLEMS(PROBLEM_PK, PROBLEM_SEVERITY, PASSENGER_COMPLAINT, INTERACTION_TYPE) VALUES (26, 'moderate', 'Passport_loss', 'letter')
INSERT dbo.PROBLEMS(PROBLEM_PK, PROBLEM_SEVERITY, PASSENGER_COMPLAINT, INTERACTION_TYPE) VALUES (27, 'severe', 'flight_cancellation', 'email')
INSERT dbo.PROBLEMS(PROBLEM_PK, PROBLEM_SEVERITY, PASSENGER_COMPLAINT, INTERACTION_TYPE) VALUES (28, 'moderate', 'flight_delay', 'email')
INSERT dbo.PROBLEMS(PROBLEM_PK, PROBLEM_SEVERITY, PASSENGER_COMPLAINT, INTERACTION_TYPE) VALUES (29, 'moderate', 'flight_delay', 'survey')
INSERT dbo.PROBLEMS(PROBLEM_PK, PROBLEM_SEVERITY, PASSENGER_COMPLAINT, INTERACTION_TYPE) VALUES (30, 'Mild', 'flight_delay', 'letter')
INSERT dbo.PROBLEMS(PROBLEM_PK, PROBLEM_SEVERITY, PASSENGER_COMPLAINT, INTERACTION_TYPE) VALUES (31, 'Mild', 'staff_attitude', 'letter')
INSERT dbo.PROBLEMS(PROBLEM_PK, PROBLEM_SEVERITY, PASSENGER_COMPLAINT, INTERACTION_TYPE) VALUES (32, 'Mild', 'flight_cancellation', 'survey')
INSERT dbo.PROBLEMS(PROBLEM_PK, PROBLEM_SEVERITY, PASSENGER_COMPLAINT, INTERACTION_TYPE) VALUES (33, 'extreme', 'flight_delay', 'survey')
INSERT dbo.PROBLEMS(PROBLEM_PK, PROBLEM_SEVERITY, PASSENGER_COMPLAINT, INTERACTION_TYPE) VALUES (34, 'moderate', 'flight_delay', 'survey')
INSERT dbo.PROBLEMS(PROBLEM_PK, PROBLEM_SEVERITY, PASSENGER_COMPLAINT, INTERACTION_TYPE) VALUES (35, 'moderate', 'flight_delay', 'letter')
INSERT dbo.PROBLEMS(PROBLEM_PK, PROBLEM_SEVERITY, PASSENGER_COMPLAINT, INTERACTION_TYPE) VALUES (36, 'severe', 'flight_cancellation', 'email')
INSERT dbo.PROBLEMS(PROBLEM_PK, PROBLEM_SEVERITY, PASSENGER_COMPLAINT, INTERACTION_TYPE) VALUES (37, 'severe', 'flight_cancellation', 'survey')
INSERT dbo.PROBLEMS(PROBLEM_PK, PROBLEM_SEVERITY, PASSENGER_COMPLAINT, INTERACTION_TYPE) VALUES (38, 'Mild', 'Passport_loss', 'survey')
INSERT dbo.PROBLEMS(PROBLEM_PK, PROBLEM_SEVERITY, PASSENGER_COMPLAINT, INTERACTION_TYPE) VALUES (39, 'moderate', 'staff_attitude', 'survey')
INSERT dbo.PROBLEMS(PROBLEM_PK, PROBLEM_SEVERITY, PASSENGER_COMPLAINT, INTERACTION_TYPE) VALUES (40, 'Mild', 'Passport_loss', 'email')
INSERT dbo.PROBLEMS(PROBLEM_PK, PROBLEM_SEVERITY, PASSENGER_COMPLAINT, INTERACTION_TYPE) VALUES (41, 'extreme', 'Passport_loss', 'letter')
INSERT dbo.PROBLEMS(PROBLEM_PK, PROBLEM_SEVERITY, PASSENGER_COMPLAINT, INTERACTION_TYPE) VALUES (42, 'Mild', 'flight_delay', 'letter')
INSERT dbo.PROBLEMS(PROBLEM_PK, PROBLEM_SEVERITY, PASSENGER_COMPLAINT, INTERACTION_TYPE) VALUES (43, 'moderate', 'flight_cancellation', 'letter')
INSERT dbo.PROBLEMS(PROBLEM_PK, PROBLEM_SEVERITY, PASSENGER_COMPLAINT, INTERACTION_TYPE) VALUES (44, 'extreme', 'Passport_loss', 'letter')
INSERT dbo.PROBLEMS(PROBLEM_PK, PROBLEM_SEVERITY, PASSENGER_COMPLAINT, INTERACTION_TYPE) VALUES (45, 'extreme', 'flight_delay', 'email')
INSERT dbo.PROBLEMS(PROBLEM_PK, PROBLEM_SEVERITY, PASSENGER_COMPLAINT, INTERACTION_TYPE) VALUES (46, 'moderate', 'staff_attitude', 'survey')
INSERT dbo.PROBLEMS(PROBLEM_PK, PROBLEM_SEVERITY, PASSENGER_COMPLAINT, INTERACTION_TYPE) VALUES (47, 'severe', 'Passport_loss', 'email')
INSERT dbo.PROBLEMS(PROBLEM_PK, PROBLEM_SEVERITY, PASSENGER_COMPLAINT, INTERACTION_TYPE) VALUES (48, 'Mild', 'Passport_loss', 'email')
INSERT dbo.PROBLEMS(PROBLEM_PK, PROBLEM_SEVERITY, PASSENGER_COMPLAINT, INTERACTION_TYPE) VALUES (49, 'moderate', 'flight_delay', 'email')
INSERT dbo.PROBLEMS(PROBLEM_PK, PROBLEM_SEVERITY, PASSENGER_COMPLAINT, INTERACTION_TYPE) VALUES (50, 'moderate', 'Passport_loss', 'survey')
GO

--
-- Inserting data into table dbo.PROMOTIONS
--
INSERT dbo.PROMOTIONS(PROMOTION_PK, PROMOTION_CODE, PROMOTION_NAME, PROMOTION_TYPE, PROMOTION_STARTDATE, PROMOTION_ENDDATE, PROMOTION_VALUE) VALUES (416922981, 'PROM000', 'Chrismas_Promotion', 'Special', '1993-05-12', '2019-11-12', 1670.62)
INSERT dbo.PROMOTIONS(PROMOTION_PK, PROMOTION_CODE, PROMOTION_NAME, PROMOTION_TYPE, PROMOTION_STARTDATE, PROMOTION_ENDDATE, PROMOTION_VALUE) VALUES (1763490893, 'PROM001', 'Chrismas_Promotion', 'Periodic', '1998-08-09', '2012-01-15', 1890.93)
INSERT dbo.PROMOTIONS(PROMOTION_PK, PROMOTION_CODE, PROMOTION_NAME, PROMOTION_TYPE, PROMOTION_STARTDATE, PROMOTION_ENDDATE, PROMOTION_VALUE) VALUES (1978239255, 'PROM002', 'Holidays_promotion', 'Special', '1985-01-21', '1980-07-15', 1220.89)
INSERT dbo.PROMOTIONS(PROMOTION_PK, PROMOTION_CODE, PROMOTION_NAME, PROMOTION_TYPE, PROMOTION_STARTDATE, PROMOTION_ENDDATE, PROMOTION_VALUE) VALUES (202174616, 'PROM003', 'First_Class_Promotion', 'Class', '1982-01-12', '2005-09-23', 1466.77)
INSERT dbo.PROMOTIONS(PROMOTION_PK, PROMOTION_CODE, PROMOTION_NAME, PROMOTION_TYPE, PROMOTION_STARTDATE, PROMOTION_ENDDATE, PROMOTION_VALUE) VALUES (1103224563, 'PROM004', 'Holidays_promotion', 'Annual', '2007-11-17', '2020-07-30', 809.06)
INSERT dbo.PROMOTIONS(PROMOTION_PK, PROMOTION_CODE, PROMOTION_NAME, PROMOTION_TYPE, PROMOTION_STARTDATE, PROMOTION_ENDDATE, PROMOTION_VALUE) VALUES (416922982, 'PROM005', 'First_Class_Promotion', 'Annual', '2005-08-17', '1984-05-18', 1411.43)
INSERT dbo.PROMOTIONS(PROMOTION_PK, PROMOTION_CODE, PROMOTION_NAME, PROMOTION_TYPE, PROMOTION_STARTDATE, PROMOTION_ENDDATE, PROMOTION_VALUE) VALUES (1449594818, 'PROM006', 'Special_Flyer_Promotion', 'Annual', '1990-08-12', '1982-09-18', 911.22)
INSERT dbo.PROMOTIONS(PROMOTION_PK, PROMOTION_CODE, PROMOTION_NAME, PROMOTION_TYPE, PROMOTION_STARTDATE, PROMOTION_ENDDATE, PROMOTION_VALUE) VALUES (1763490894, 'PROM007', 'Business_Class_Promotion', 'Periodic', '1980-02-12', '2010-07-18', 1481.61)
INSERT dbo.PROMOTIONS(PROMOTION_PK, PROMOTION_CODE, PROMOTION_NAME, PROMOTION_TYPE, PROMOTION_STARTDATE, PROMOTION_ENDDATE, PROMOTION_VALUE) VALUES (202174617, 'PROM008', 'Business_Class_Promotion', 'Special', '1980-02-13', '1981-05-30', 766.88)
INSERT dbo.PROMOTIONS(PROMOTION_PK, PROMOTION_CODE, PROMOTION_NAME, PROMOTION_TYPE, PROMOTION_STARTDATE, PROMOTION_ENDDATE, PROMOTION_VALUE) VALUES (1664343184, 'PROM009', 'Business_Class_Promotion', 'Class', '1990-11-26', '2004-03-03', 1730.84)
INSERT dbo.PROMOTIONS(PROMOTION_PK, PROMOTION_CODE, PROMOTION_NAME, PROMOTION_TYPE, PROMOTION_STARTDATE, PROMOTION_ENDDATE, PROMOTION_VALUE) VALUES (1449594819, 'PROM010', 'Business_Class_Promotion', 'Periodic', '1982-10-18', '1993-04-19', 1844.53)
INSERT dbo.PROMOTIONS(PROMOTION_PK, PROMOTION_CODE, PROMOTION_NAME, PROMOTION_TYPE, PROMOTION_STARTDATE, PROMOTION_ENDDATE, PROMOTION_VALUE) VALUES (692964404, 'PROM011', 'Special_Flyer_Promotion', 'Periodic', '2002-06-26', '1980-07-18', 1169.19)
INSERT dbo.PROMOTIONS(PROMOTION_PK, PROMOTION_CODE, PROMOTION_NAME, PROMOTION_TYPE, PROMOTION_STARTDATE, PROMOTION_ENDDATE, PROMOTION_VALUE) VALUES (888476198, 'PROM012', 'Holidays_promotion', 'Periodic', '1980-02-05', '1981-05-03', 611.36)
INSERT dbo.PROMOTIONS(PROMOTION_PK, PROMOTION_CODE, PROMOTION_NAME, PROMOTION_TYPE, PROMOTION_STARTDATE, PROMOTION_ENDDATE, PROMOTION_VALUE) VALUES (478216039, 'PROM013', 'Special_Flyer_Promotion', 'Periodic', '1997-05-04', '2017-04-10', 812.74)
INSERT dbo.PROMOTIONS(PROMOTION_PK, PROMOTION_CODE, PROMOTION_NAME, PROMOTION_TYPE, PROMOTION_STARTDATE, PROMOTION_ENDDATE, PROMOTION_VALUE) VALUES (1978239256, 'PROM014', 'Chrismas_Promotion', 'Special', '1986-06-08', '1990-02-14', 947.12)
INSERT dbo.PROMOTIONS(PROMOTION_PK, PROMOTION_CODE, PROMOTION_NAME, PROMOTION_TYPE, PROMOTION_STARTDATE, PROMOTION_ENDDATE, PROMOTION_VALUE) VALUES (1763490895, 'PROM015', 'Special_Flyer_Promotion', 'Annual', '1987-06-21', '1984-07-18', 1800.58)
INSERT dbo.PROMOTIONS(PROMOTION_PK, PROMOTION_CODE, PROMOTION_NAME, PROMOTION_TYPE, PROMOTION_STARTDATE, PROMOTION_ENDDATE, PROMOTION_VALUE) VALUES (416922983, 'PROM016', 'First_Class_Promotion', 'Class', '1988-12-08', '1981-08-11', 1790.36)
INSERT dbo.PROMOTIONS(PROMOTION_PK, PROMOTION_CODE, PROMOTION_NAME, PROMOTION_TYPE, PROMOTION_STARTDATE, PROMOTION_ENDDATE, PROMOTION_VALUE) VALUES (202174618, 'PROM017', 'Special_Flyer_Promotion', 'Periodic', '2008-06-20', '1997-04-17', 1968.84)
INSERT dbo.PROMOTIONS(PROMOTION_PK, PROMOTION_CODE, PROMOTION_NAME, PROMOTION_TYPE, PROMOTION_STARTDATE, PROMOTION_ENDDATE, PROMOTION_VALUE) VALUES (1978239257, 'PROM018', 'Chrismas_Promotion', 'Special', '1995-06-10', '1980-07-15', 849.92)
INSERT dbo.PROMOTIONS(PROMOTION_PK, PROMOTION_CODE, PROMOTION_NAME, PROMOTION_TYPE, PROMOTION_STARTDATE, PROMOTION_ENDDATE, PROMOTION_VALUE) VALUES (1763490896, 'PROM019', 'Chrismas_Promotion', 'Special', '1996-06-29', '2006-02-10', 609.88)
INSERT dbo.PROMOTIONS(PROMOTION_PK, PROMOTION_CODE, PROMOTION_NAME, PROMOTION_TYPE, PROMOTION_STARTDATE, PROMOTION_ENDDATE, PROMOTION_VALUE) VALUES (1103224564, 'PROM020', 'First_Class_Promotion', NULL, '1981-12-21', NULL, 811.53)
INSERT dbo.PROMOTIONS(PROMOTION_PK, PROMOTION_CODE, PROMOTION_NAME, PROMOTION_TYPE, PROMOTION_STARTDATE, PROMOTION_ENDDATE, PROMOTION_VALUE) VALUES (416922984, 'PROM021', 'Special_Flyer_Promotion', 'Class', '1980-02-08', '1989-05-09', 568.79)
INSERT dbo.PROMOTIONS(PROMOTION_PK, PROMOTION_CODE, PROMOTION_NAME, PROMOTION_TYPE, PROMOTION_STARTDATE, PROMOTION_ENDDATE, PROMOTION_VALUE) VALUES (888476199, 'PROM022', 'Chrismas_Promotion', 'Class', '1986-01-17', '1987-09-06', 1340.56)
INSERT dbo.PROMOTIONS(PROMOTION_PK, PROMOTION_CODE, PROMOTION_NAME, PROMOTION_TYPE, PROMOTION_STARTDATE, PROMOTION_ENDDATE, PROMOTION_VALUE) VALUES (692964405, 'PROM023', 'First_Class_Promotion', 'Periodic', '2005-04-08', '2020-10-13', 1283.27)
INSERT dbo.PROMOTIONS(PROMOTION_PK, PROMOTION_CODE, PROMOTION_NAME, PROMOTION_TYPE, PROMOTION_STARTDATE, PROMOTION_ENDDATE, PROMOTION_VALUE) VALUES (478216040, 'PROM024', 'Chrismas_Promotion', NULL, '2011-08-16', NULL, 838.69)
INSERT dbo.PROMOTIONS(PROMOTION_PK, PROMOTION_CODE, PROMOTION_NAME, PROMOTION_TYPE, PROMOTION_STARTDATE, PROMOTION_ENDDATE, PROMOTION_VALUE) VALUES (692964406, 'PROM025', 'Chrismas_Promotion', 'Periodic', '1990-04-03', '1991-05-08', 1171.69)
INSERT dbo.PROMOTIONS(PROMOTION_PK, PROMOTION_CODE, PROMOTION_NAME, PROMOTION_TYPE, PROMOTION_STARTDATE, PROMOTION_ENDDATE, PROMOTION_VALUE) VALUES (478216041, 'PROM026', 'Special_Flyer_Promotion', 'Periodic', '1996-05-30', '1989-12-24', 793.61)
INSERT dbo.PROMOTIONS(PROMOTION_PK, PROMOTION_CODE, PROMOTION_NAME, PROMOTION_TYPE, PROMOTION_STARTDATE, PROMOTION_ENDDATE, PROMOTION_VALUE) VALUES (1978239258, 'PROM027', 'Chrismas_Promotion', 'Annual', '2007-03-07', '1986-07-20', 871.12)
INSERT dbo.PROMOTIONS(PROMOTION_PK, PROMOTION_CODE, PROMOTION_NAME, PROMOTION_TYPE, PROMOTION_STARTDATE, PROMOTION_ENDDATE, PROMOTION_VALUE) VALUES (1664343185, 'PROM028', 'First_Class_Promotion', 'Special', '1980-02-12', '2006-07-20', 1799.31)
INSERT dbo.PROMOTIONS(PROMOTION_PK, PROMOTION_CODE, PROMOTION_NAME, PROMOTION_TYPE, PROMOTION_STARTDATE, PROMOTION_ENDDATE, PROMOTION_VALUE) VALUES (1103224565, 'PROM029', 'Chrismas_Promotion', 'Annual', '1980-04-20', '2000-04-17', 1661.74)
INSERT dbo.PROMOTIONS(PROMOTION_PK, PROMOTION_CODE, PROMOTION_NAME, PROMOTION_TYPE, PROMOTION_STARTDATE, PROMOTION_ENDDATE, PROMOTION_VALUE) VALUES (888476200, 'PROM030', 'Holidays_promotion', 'Annual', '2016-01-15', '2002-12-20', 1743.88)
INSERT dbo.PROMOTIONS(PROMOTION_PK, PROMOTION_CODE, PROMOTION_NAME, PROMOTION_TYPE, PROMOTION_STARTDATE, PROMOTION_ENDDATE, PROMOTION_VALUE) VALUES (1103224566, 'PROM031', 'Special_Flyer_Promotion', 'Class', '2014-02-01', '2000-06-21', 1098.4)
INSERT dbo.PROMOTIONS(PROMOTION_PK, PROMOTION_CODE, PROMOTION_NAME, PROMOTION_TYPE, PROMOTION_STARTDATE, PROMOTION_ENDDATE, PROMOTION_VALUE) VALUES (202174619, 'PROM032', 'Chrismas_Promotion', 'Annual', '2005-03-11', '2015-06-04', 1060.7)
INSERT dbo.PROMOTIONS(PROMOTION_PK, PROMOTION_CODE, PROMOTION_NAME, PROMOTION_TYPE, PROMOTION_STARTDATE, PROMOTION_ENDDATE, PROMOTION_VALUE) VALUES (692964407, 'PROM033', 'Chrismas_Promotion', 'Special', '2016-04-05', '1989-08-20', 1912.36)
INSERT dbo.PROMOTIONS(PROMOTION_PK, PROMOTION_CODE, PROMOTION_NAME, PROMOTION_TYPE, PROMOTION_STARTDATE, PROMOTION_ENDDATE, PROMOTION_VALUE) VALUES (888476201, 'PROM034', 'First_Class_Promotion', 'Special', '1995-03-21', '1999-06-21', 1890.12)
INSERT dbo.PROMOTIONS(PROMOTION_PK, PROMOTION_CODE, PROMOTION_NAME, PROMOTION_TYPE, PROMOTION_STARTDATE, PROMOTION_ENDDATE, PROMOTION_VALUE) VALUES (416922985, 'PROM035', 'Special_Flyer_Promotion', 'Annual', '2010-01-24', '2014-07-05', 1611.74)
INSERT dbo.PROMOTIONS(PROMOTION_PK, PROMOTION_CODE, PROMOTION_NAME, PROMOTION_TYPE, PROMOTION_STARTDATE, PROMOTION_ENDDATE, PROMOTION_VALUE) VALUES (1103224567, 'PROM036', 'First_Class_Promotion', 'Special', '1984-10-02', '2015-11-11', 662.4)
INSERT dbo.PROMOTIONS(PROMOTION_PK, PROMOTION_CODE, PROMOTION_NAME, PROMOTION_TYPE, PROMOTION_STARTDATE, PROMOTION_ENDDATE, PROMOTION_VALUE) VALUES (1449594820, 'PROM037', 'First_Class_Promotion', NULL, '2021-01-14', NULL, 662.01)
INSERT dbo.PROMOTIONS(PROMOTION_PK, PROMOTION_CODE, PROMOTION_NAME, PROMOTION_TYPE, PROMOTION_STARTDATE, PROMOTION_ENDDATE, PROMOTION_VALUE) VALUES (1763490897, 'PROM038', 'First_Class_Promotion', 'Special', '2004-07-24', '1999-07-11', 1430.95)
INSERT dbo.PROMOTIONS(PROMOTION_PK, PROMOTION_CODE, PROMOTION_NAME, PROMOTION_TYPE, PROMOTION_STARTDATE, PROMOTION_ENDDATE, PROMOTION_VALUE) VALUES (888476202, 'PROM039', 'First_Class_Promotion', 'Periodic', '2015-03-12', '2005-09-11', 756.66)
INSERT dbo.PROMOTIONS(PROMOTION_PK, PROMOTION_CODE, PROMOTION_NAME, PROMOTION_TYPE, PROMOTION_STARTDATE, PROMOTION_ENDDATE, PROMOTION_VALUE) VALUES (1978239259, 'PROM040', 'Business_Class_Promotion', 'Periodic', '2011-04-25', '1982-06-05', 943.24)
INSERT dbo.PROMOTIONS(PROMOTION_PK, PROMOTION_CODE, PROMOTION_NAME, PROMOTION_TYPE, PROMOTION_STARTDATE, PROMOTION_ENDDATE, PROMOTION_VALUE) VALUES (202174620, 'PROM041', 'Holidays_promotion', 'Annual', '1980-04-10', '2013-02-23', 1619.63)
INSERT dbo.PROMOTIONS(PROMOTION_PK, PROMOTION_CODE, PROMOTION_NAME, PROMOTION_TYPE, PROMOTION_STARTDATE, PROMOTION_ENDDATE, PROMOTION_VALUE) VALUES (1664343186, 'PROM042', 'Special_Flyer_Promotion', 'Class', '1980-02-05', '1998-05-01', 1128.68)
INSERT dbo.PROMOTIONS(PROMOTION_PK, PROMOTION_CODE, PROMOTION_NAME, PROMOTION_TYPE, PROMOTION_STARTDATE, PROMOTION_ENDDATE, PROMOTION_VALUE) VALUES (1763490898, 'PROM043', 'Business_Class_Promotion', 'Special', '2016-12-21', '1997-09-28', 1478.45)
INSERT dbo.PROMOTIONS(PROMOTION_PK, PROMOTION_CODE, PROMOTION_NAME, PROMOTION_TYPE, PROMOTION_STARTDATE, PROMOTION_ENDDATE, PROMOTION_VALUE) VALUES (1103224568, 'PROM044', 'Business_Class_Promotion', 'Annual', '2011-07-20', '1980-07-16', 1366.51)
INSERT dbo.PROMOTIONS(PROMOTION_PK, PROMOTION_CODE, PROMOTION_NAME, PROMOTION_TYPE, PROMOTION_STARTDATE, PROMOTION_ENDDATE, PROMOTION_VALUE) VALUES (478216042, 'PROM045', 'Chrismas_Promotion', NULL, '1984-11-18', NULL, 1858.32)
INSERT dbo.PROMOTIONS(PROMOTION_PK, PROMOTION_CODE, PROMOTION_NAME, PROMOTION_TYPE, PROMOTION_STARTDATE, PROMOTION_ENDDATE, PROMOTION_VALUE) VALUES (1978239260, 'PROM046', 'Special_Flyer_Promotion', 'Annual', '2000-08-13', '2000-11-05', 523.91)
INSERT dbo.PROMOTIONS(PROMOTION_PK, PROMOTION_CODE, PROMOTION_NAME, PROMOTION_TYPE, PROMOTION_STARTDATE, PROMOTION_ENDDATE, PROMOTION_VALUE) VALUES (1449594821, 'PROM047', 'First_Class_Promotion', 'Class', '2021-09-06', '2004-03-12', 612.84)
INSERT dbo.PROMOTIONS(PROMOTION_PK, PROMOTION_CODE, PROMOTION_NAME, PROMOTION_TYPE, PROMOTION_STARTDATE, PROMOTION_ENDDATE, PROMOTION_VALUE) VALUES (888476203, 'PROM048', 'First_Class_Promotion', NULL, '2000-12-31', NULL, 1924.28)
INSERT dbo.PROMOTIONS(PROMOTION_PK, PROMOTION_CODE, PROMOTION_NAME, PROMOTION_TYPE, PROMOTION_STARTDATE, PROMOTION_ENDDATE, PROMOTION_VALUE) VALUES (416922986, 'PROM049', 'First_Class_Promotion', 'Class', '1980-02-14', '1987-11-20', 1379.64)
GO

--
-- Inserting data into table dbo.RESERVATIONS_CHANNEL
--
INSERT dbo.RESERVATIONS_CHANNEL(RESERVATION_PK, RESERVATION_CHANNEL) VALUES (1, 'Sales_Office')
INSERT dbo.RESERVATIONS_CHANNEL(RESERVATION_PK, RESERVATION_CHANNEL) VALUES (2, 'Booking Booking')
INSERT dbo.RESERVATIONS_CHANNEL(RESERVATION_PK, RESERVATION_CHANNEL) VALUES (3, 'Booking')
INSERT dbo.RESERVATIONS_CHANNEL(RESERVATION_PK, RESERVATION_CHANNEL) VALUES (4, 'Call_Center')
INSERT dbo.RESERVATIONS_CHANNEL(RESERVATION_PK, RESERVATION_CHANNEL) VALUES (5, 'Mobile_Application')
INSERT dbo.RESERVATIONS_CHANNEL(RESERVATION_PK, RESERVATION_CHANNEL) VALUES (6, 'Mobile_Application')
INSERT dbo.RESERVATIONS_CHANNEL(RESERVATION_PK, RESERVATION_CHANNEL) VALUES (7, 'Sales_Office')
INSERT dbo.RESERVATIONS_CHANNEL(RESERVATION_PK, RESERVATION_CHANNEL) VALUES (8, 'Call_Center')
INSERT dbo.RESERVATIONS_CHANNEL(RESERVATION_PK, RESERVATION_CHANNEL) VALUES (9, 'Travel_Agency')
INSERT dbo.RESERVATIONS_CHANNEL(RESERVATION_PK, RESERVATION_CHANNEL) VALUES (10, 'Mobile_Application')
INSERT dbo.RESERVATIONS_CHANNEL(RESERVATION_PK, RESERVATION_CHANNEL) VALUES (11, 'Travel_Agency')
INSERT dbo.RESERVATIONS_CHANNEL(RESERVATION_PK, RESERVATION_CHANNEL) VALUES (12, 'Call_Center')
INSERT dbo.RESERVATIONS_CHANNEL(RESERVATION_PK, RESERVATION_CHANNEL) VALUES (13, 'Call_Center')
INSERT dbo.RESERVATIONS_CHANNEL(RESERVATION_PK, RESERVATION_CHANNEL) VALUES (14, 'Travel_Agency')
INSERT dbo.RESERVATIONS_CHANNEL(RESERVATION_PK, RESERVATION_CHANNEL) VALUES (15, 'Mobile_Application')
INSERT dbo.RESERVATIONS_CHANNEL(RESERVATION_PK, RESERVATION_CHANNEL) VALUES (16, 'Mobile_Application')
INSERT dbo.RESERVATIONS_CHANNEL(RESERVATION_PK, RESERVATION_CHANNEL) VALUES (17, 'Call_Center')
INSERT dbo.RESERVATIONS_CHANNEL(RESERVATION_PK, RESERVATION_CHANNEL) VALUES (18, 'Sales_Office')
INSERT dbo.RESERVATIONS_CHANNEL(RESERVATION_PK, RESERVATION_CHANNEL) VALUES (19, 'Mobile_Application')
INSERT dbo.RESERVATIONS_CHANNEL(RESERVATION_PK, RESERVATION_CHANNEL) VALUES (20, 'Mobile_Application')
INSERT dbo.RESERVATIONS_CHANNEL(RESERVATION_PK, RESERVATION_CHANNEL) VALUES (21, 'Booking')
INSERT dbo.RESERVATIONS_CHANNEL(RESERVATION_PK, RESERVATION_CHANNEL) VALUES (22, 'Call_Center')
INSERT dbo.RESERVATIONS_CHANNEL(RESERVATION_PK, RESERVATION_CHANNEL) VALUES (23, 'Travel_Agency')
INSERT dbo.RESERVATIONS_CHANNEL(RESERVATION_PK, RESERVATION_CHANNEL) VALUES (24, 'Booking')
INSERT dbo.RESERVATIONS_CHANNEL(RESERVATION_PK, RESERVATION_CHANNEL) VALUES (25, 'Booking')
INSERT dbo.RESERVATIONS_CHANNEL(RESERVATION_PK, RESERVATION_CHANNEL) VALUES (26, 'Booking Booking')
INSERT dbo.RESERVATIONS_CHANNEL(RESERVATION_PK, RESERVATION_CHANNEL) VALUES (27, 'Travel_Agency')
INSERT dbo.RESERVATIONS_CHANNEL(RESERVATION_PK, RESERVATION_CHANNEL) VALUES (28, 'Mobile_Application')
INSERT dbo.RESERVATIONS_CHANNEL(RESERVATION_PK, RESERVATION_CHANNEL) VALUES (29, 'Booking')
INSERT dbo.RESERVATIONS_CHANNEL(RESERVATION_PK, RESERVATION_CHANNEL) VALUES (30, 'Mobile_Application')
INSERT dbo.RESERVATIONS_CHANNEL(RESERVATION_PK, RESERVATION_CHANNEL) VALUES (31, 'Travel_Agency')
INSERT dbo.RESERVATIONS_CHANNEL(RESERVATION_PK, RESERVATION_CHANNEL) VALUES (32, 'Travel_Agency')
INSERT dbo.RESERVATIONS_CHANNEL(RESERVATION_PK, RESERVATION_CHANNEL) VALUES (33, 'Travel_Agency')
INSERT dbo.RESERVATIONS_CHANNEL(RESERVATION_PK, RESERVATION_CHANNEL) VALUES (34, 'Mobile_Application')
INSERT dbo.RESERVATIONS_CHANNEL(RESERVATION_PK, RESERVATION_CHANNEL) VALUES (35, 'Sales_Office')
INSERT dbo.RESERVATIONS_CHANNEL(RESERVATION_PK, RESERVATION_CHANNEL) VALUES (36, 'Mobile_Application')
INSERT dbo.RESERVATIONS_CHANNEL(RESERVATION_PK, RESERVATION_CHANNEL) VALUES (37, 'Booking')
INSERT dbo.RESERVATIONS_CHANNEL(RESERVATION_PK, RESERVATION_CHANNEL) VALUES (38, 'Mobile_Application')
INSERT dbo.RESERVATIONS_CHANNEL(RESERVATION_PK, RESERVATION_CHANNEL) VALUES (39, 'Sales_Office')
INSERT dbo.RESERVATIONS_CHANNEL(RESERVATION_PK, RESERVATION_CHANNEL) VALUES (40, 'Sales_Office')
INSERT dbo.RESERVATIONS_CHANNEL(RESERVATION_PK, RESERVATION_CHANNEL) VALUES (41, 'Booking')
INSERT dbo.RESERVATIONS_CHANNEL(RESERVATION_PK, RESERVATION_CHANNEL) VALUES (42, 'Call_Center')
INSERT dbo.RESERVATIONS_CHANNEL(RESERVATION_PK, RESERVATION_CHANNEL) VALUES (43, 'Call_Center')
INSERT dbo.RESERVATIONS_CHANNEL(RESERVATION_PK, RESERVATION_CHANNEL) VALUES (44, 'Travel_Agency')
INSERT dbo.RESERVATIONS_CHANNEL(RESERVATION_PK, RESERVATION_CHANNEL) VALUES (45, 'Sales_Office')
INSERT dbo.RESERVATIONS_CHANNEL(RESERVATION_PK, RESERVATION_CHANNEL) VALUES (46, 'Mobile_Application')
INSERT dbo.RESERVATIONS_CHANNEL(RESERVATION_PK, RESERVATION_CHANNEL) VALUES (47, 'Booking')
INSERT dbo.RESERVATIONS_CHANNEL(RESERVATION_PK, RESERVATION_CHANNEL) VALUES (48, 'Booking Booking')
INSERT dbo.RESERVATIONS_CHANNEL(RESERVATION_PK, RESERVATION_CHANNEL) VALUES (49, 'Mobile_Application')
INSERT dbo.RESERVATIONS_CHANNEL(RESERVATION_PK, RESERVATION_CHANNEL) VALUES (50, 'Mobile_Application')
GO

--
-- Inserting data into table dbo.T_DATE
--
INSERT dbo.T_DATE(DATE_PK, FULL_DATE, CALENDAR_YEAR, QUARTER, CALENDAR_MONTH, WEEK_IN_YEAR, WEEK_IN_MONTH, DAY_IN_WEEK, DAY_IN_MONTH, DAY_IN_YEAR, DAY_NAME) VALUES (1, '1980-04-05', 2005, 1, 5, 46, 4, 3, 6, 158, 'Tuesday')
INSERT dbo.T_DATE(DATE_PK, FULL_DATE, CALENDAR_YEAR, QUARTER, CALENDAR_MONTH, WEEK_IN_YEAR, WEEK_IN_MONTH, DAY_IN_WEEK, DAY_IN_MONTH, DAY_IN_YEAR, DAY_NAME) VALUES (2, '1980-04-23', 2022, 4, 2, 25, 4, 2, 4, 329, 'Sunday')
INSERT dbo.T_DATE(DATE_PK, FULL_DATE, CALENDAR_YEAR, QUARTER, CALENDAR_MONTH, WEEK_IN_YEAR, WEEK_IN_MONTH, DAY_IN_WEEK, DAY_IN_MONTH, DAY_IN_YEAR, DAY_NAME) VALUES (3, '2016-02-13', 2020, 4, 10, 6, 2, 1, 19, 346, 'Friday')
INSERT dbo.T_DATE(DATE_PK, FULL_DATE, CALENDAR_YEAR, QUARTER, CALENDAR_MONTH, WEEK_IN_YEAR, WEEK_IN_MONTH, DAY_IN_WEEK, DAY_IN_MONTH, DAY_IN_YEAR, DAY_NAME) VALUES (4, '1980-01-11', 2014, 2, 7, 3, 3, 1, 26, 207, 'Monday')
INSERT dbo.T_DATE(DATE_PK, FULL_DATE, CALENDAR_YEAR, QUARTER, CALENDAR_MONTH, WEEK_IN_YEAR, WEEK_IN_MONTH, DAY_IN_WEEK, DAY_IN_MONTH, DAY_IN_YEAR, DAY_NAME) VALUES (5, '1985-07-13', 2015, 4, 10, 10, 1, 4, 30, 178, 'Tuesday')
INSERT dbo.T_DATE(DATE_PK, FULL_DATE, CALENDAR_YEAR, QUARTER, CALENDAR_MONTH, WEEK_IN_YEAR, WEEK_IN_MONTH, DAY_IN_WEEK, DAY_IN_MONTH, DAY_IN_YEAR, DAY_NAME) VALUES (6, '2011-07-21', 2019, 2, 12, 5, 3, 7, 20, 88, 'Saturday')
INSERT dbo.T_DATE(DATE_PK, FULL_DATE, CALENDAR_YEAR, QUARTER, CALENDAR_MONTH, WEEK_IN_YEAR, WEEK_IN_MONTH, DAY_IN_WEEK, DAY_IN_MONTH, DAY_IN_YEAR, DAY_NAME) VALUES (7, '1980-07-20', 2014, 3, 6, 7, 1, 4, 23, 242, 'Friday')
INSERT dbo.T_DATE(DATE_PK, FULL_DATE, CALENDAR_YEAR, QUARTER, CALENDAR_MONTH, WEEK_IN_YEAR, WEEK_IN_MONTH, DAY_IN_WEEK, DAY_IN_MONTH, DAY_IN_YEAR, DAY_NAME) VALUES (8, '1980-01-13', 2018, 1, 4, 17, 4, 3, 2, 32, 'Sunday')
INSERT dbo.T_DATE(DATE_PK, FULL_DATE, CALENDAR_YEAR, QUARTER, CALENDAR_MONTH, WEEK_IN_YEAR, WEEK_IN_MONTH, DAY_IN_WEEK, DAY_IN_MONTH, DAY_IN_YEAR, DAY_NAME) VALUES (9, '2010-04-05', 2007, 3, 1, 19, 1, 3, 2, 67, 'Saturday')
INSERT dbo.T_DATE(DATE_PK, FULL_DATE, CALENDAR_YEAR, QUARTER, CALENDAR_MONTH, WEEK_IN_YEAR, WEEK_IN_MONTH, DAY_IN_WEEK, DAY_IN_MONTH, DAY_IN_YEAR, DAY_NAME) VALUES (10, '1986-03-31', 2012, 3, 5, 23, 1, 1, 26, 270, 'Monday')
INSERT dbo.T_DATE(DATE_PK, FULL_DATE, CALENDAR_YEAR, QUARTER, CALENDAR_MONTH, WEEK_IN_YEAR, WEEK_IN_MONTH, DAY_IN_WEEK, DAY_IN_MONTH, DAY_IN_YEAR, DAY_NAME) VALUES (11, '1980-01-14', 2010, 1, 11, 20, 1, 4, 1, 81, 'Thursday')
INSERT dbo.T_DATE(DATE_PK, FULL_DATE, CALENDAR_YEAR, QUARTER, CALENDAR_MONTH, WEEK_IN_YEAR, WEEK_IN_MONTH, DAY_IN_WEEK, DAY_IN_MONTH, DAY_IN_YEAR, DAY_NAME) VALUES (12, '1986-11-26', 2004, 3, 11, 24, 3, 4, 21, 217, 'Friday')
INSERT dbo.T_DATE(DATE_PK, FULL_DATE, CALENDAR_YEAR, QUARTER, CALENDAR_MONTH, WEEK_IN_YEAR, WEEK_IN_MONTH, DAY_IN_WEEK, DAY_IN_MONTH, DAY_IN_YEAR, DAY_NAME) VALUES (13, '1998-07-13', 2017, 3, 11, 19, 2, 2, 30, 9, 'Tuesday')
INSERT dbo.T_DATE(DATE_PK, FULL_DATE, CALENDAR_YEAR, QUARTER, CALENDAR_MONTH, WEEK_IN_YEAR, WEEK_IN_MONTH, DAY_IN_WEEK, DAY_IN_MONTH, DAY_IN_YEAR, DAY_NAME) VALUES (14, '2011-03-12', 2017, 2, 2, 20, 1, 6, 4, 215, 'Wednesday')
INSERT dbo.T_DATE(DATE_PK, FULL_DATE, CALENDAR_YEAR, QUARTER, CALENDAR_MONTH, WEEK_IN_YEAR, WEEK_IN_MONTH, DAY_IN_WEEK, DAY_IN_MONTH, DAY_IN_YEAR, DAY_NAME) VALUES (15, '1984-08-23', 2019, 1, 9, 48, 3, 6, 3, 26, 'Sunday')
INSERT dbo.T_DATE(DATE_PK, FULL_DATE, CALENDAR_YEAR, QUARTER, CALENDAR_MONTH, WEEK_IN_YEAR, WEEK_IN_MONTH, DAY_IN_WEEK, DAY_IN_MONTH, DAY_IN_YEAR, DAY_NAME) VALUES (16, '1990-08-09', 2007, 4, 3, 16, 2, 7, 14, 119, 'Wednesday')
INSERT dbo.T_DATE(DATE_PK, FULL_DATE, CALENDAR_YEAR, QUARTER, CALENDAR_MONTH, WEEK_IN_YEAR, WEEK_IN_MONTH, DAY_IN_WEEK, DAY_IN_MONTH, DAY_IN_YEAR, DAY_NAME) VALUES (17, '2002-03-14', 2001, 1, 9, 8, 2, 3, 28, 19, 'Thursday')
INSERT dbo.T_DATE(DATE_PK, FULL_DATE, CALENDAR_YEAR, QUARTER, CALENDAR_MONTH, WEEK_IN_YEAR, WEEK_IN_MONTH, DAY_IN_WEEK, DAY_IN_MONTH, DAY_IN_YEAR, DAY_NAME) VALUES (18, '2019-08-18', 2012, 4, 7, 42, 2, 2, 26, 84, 'Tuesday')
INSERT dbo.T_DATE(DATE_PK, FULL_DATE, CALENDAR_YEAR, QUARTER, CALENDAR_MONTH, WEEK_IN_YEAR, WEEK_IN_MONTH, DAY_IN_WEEK, DAY_IN_MONTH, DAY_IN_YEAR, DAY_NAME) VALUES (19, '1994-12-09', 2008, 2, 10, 39, 4, 4, 20, 132, 'Friday')
INSERT dbo.T_DATE(DATE_PK, FULL_DATE, CALENDAR_YEAR, QUARTER, CALENDAR_MONTH, WEEK_IN_YEAR, WEEK_IN_MONTH, DAY_IN_WEEK, DAY_IN_MONTH, DAY_IN_YEAR, DAY_NAME) VALUES (20, '1991-09-06', 2020, 2, 10, 36, 3, 2, 6, 154, 'Monday')
INSERT dbo.T_DATE(DATE_PK, FULL_DATE, CALENDAR_YEAR, QUARTER, CALENDAR_MONTH, WEEK_IN_YEAR, WEEK_IN_MONTH, DAY_IN_WEEK, DAY_IN_MONTH, DAY_IN_YEAR, DAY_NAME) VALUES (21, '1997-09-29', 2019, 1, 3, 5, 4, 2, 24, 20, 'Sunday')
INSERT dbo.T_DATE(DATE_PK, FULL_DATE, CALENDAR_YEAR, QUARTER, CALENDAR_MONTH, WEEK_IN_YEAR, WEEK_IN_MONTH, DAY_IN_WEEK, DAY_IN_MONTH, DAY_IN_YEAR, DAY_NAME) VALUES (22, '1980-07-16', 2002, 2, 9, 18, 4, 4, 20, 4, 'Sunday')
INSERT dbo.T_DATE(DATE_PK, FULL_DATE, CALENDAR_YEAR, QUARTER, CALENDAR_MONTH, WEEK_IN_YEAR, WEEK_IN_MONTH, DAY_IN_WEEK, DAY_IN_MONTH, DAY_IN_YEAR, DAY_NAME) VALUES (23, '1982-09-22', 2012, 4, 2, 38, 2, 1, 19, 130, 'Saturday')
INSERT dbo.T_DATE(DATE_PK, FULL_DATE, CALENDAR_YEAR, QUARTER, CALENDAR_MONTH, WEEK_IN_YEAR, WEEK_IN_MONTH, DAY_IN_WEEK, DAY_IN_MONTH, DAY_IN_YEAR, DAY_NAME) VALUES (24, '1982-05-17', 2017, 2, 5, 26, 2, 3, 30, 37, 'Saturday')
INSERT dbo.T_DATE(DATE_PK, FULL_DATE, CALENDAR_YEAR, QUARTER, CALENDAR_MONTH, WEEK_IN_YEAR, WEEK_IN_MONTH, DAY_IN_WEEK, DAY_IN_MONTH, DAY_IN_YEAR, DAY_NAME) VALUES (25, '1985-05-08', 2003, 3, 10, 4, 3, 1, 6, 100, 'Thursday')
INSERT dbo.T_DATE(DATE_PK, FULL_DATE, CALENDAR_YEAR, QUARTER, CALENDAR_MONTH, WEEK_IN_YEAR, WEEK_IN_MONTH, DAY_IN_WEEK, DAY_IN_MONTH, DAY_IN_YEAR, DAY_NAME) VALUES (26, '2009-07-14', 2021, 1, 5, 17, 4, 2, 21, 175, 'Friday')
INSERT dbo.T_DATE(DATE_PK, FULL_DATE, CALENDAR_YEAR, QUARTER, CALENDAR_MONTH, WEEK_IN_YEAR, WEEK_IN_MONTH, DAY_IN_WEEK, DAY_IN_MONTH, DAY_IN_YEAR, DAY_NAME) VALUES (27, '2016-12-19', 2009, 2, 10, 32, 1, 3, 31, 298, 'Thursday')
INSERT dbo.T_DATE(DATE_PK, FULL_DATE, CALENDAR_YEAR, QUARTER, CALENDAR_MONTH, WEEK_IN_YEAR, WEEK_IN_MONTH, DAY_IN_WEEK, DAY_IN_MONTH, DAY_IN_YEAR, DAY_NAME) VALUES (28, '1983-09-30', 2009, 3, 3, 17, 4, 7, 5, 202, 'Friday')
INSERT dbo.T_DATE(DATE_PK, FULL_DATE, CALENDAR_YEAR, QUARTER, CALENDAR_MONTH, WEEK_IN_YEAR, WEEK_IN_MONTH, DAY_IN_WEEK, DAY_IN_MONTH, DAY_IN_YEAR, DAY_NAME) VALUES (29, '1981-12-05', 2013, 1, 10, 32, 2, 4, 3, 201, 'Saturday')
INSERT dbo.T_DATE(DATE_PK, FULL_DATE, CALENDAR_YEAR, QUARTER, CALENDAR_MONTH, WEEK_IN_YEAR, WEEK_IN_MONTH, DAY_IN_WEEK, DAY_IN_MONTH, DAY_IN_YEAR, DAY_NAME) VALUES (30, '2010-07-01', 2015, 3, 5, 30, 3, 2, 12, 117, 'Thursday')
INSERT dbo.T_DATE(DATE_PK, FULL_DATE, CALENDAR_YEAR, QUARTER, CALENDAR_MONTH, WEEK_IN_YEAR, WEEK_IN_MONTH, DAY_IN_WEEK, DAY_IN_MONTH, DAY_IN_YEAR, DAY_NAME) VALUES (31, '2020-06-26', 2005, 3, 9, 44, 4, 1, 3, 6, 'Monday')
INSERT dbo.T_DATE(DATE_PK, FULL_DATE, CALENDAR_YEAR, QUARTER, CALENDAR_MONTH, WEEK_IN_YEAR, WEEK_IN_MONTH, DAY_IN_WEEK, DAY_IN_MONTH, DAY_IN_YEAR, DAY_NAME) VALUES (32, '2009-12-16', 2016, 1, 4, 36, 1, 2, 16, 6, 'Tuesday')
INSERT dbo.T_DATE(DATE_PK, FULL_DATE, CALENDAR_YEAR, QUARTER, CALENDAR_MONTH, WEEK_IN_YEAR, WEEK_IN_MONTH, DAY_IN_WEEK, DAY_IN_MONTH, DAY_IN_YEAR, DAY_NAME) VALUES (33, '1990-12-14', 2016, 1, 1, 36, 2, 6, 12, 263, 'Saturday')
INSERT dbo.T_DATE(DATE_PK, FULL_DATE, CALENDAR_YEAR, QUARTER, CALENDAR_MONTH, WEEK_IN_YEAR, WEEK_IN_MONTH, DAY_IN_WEEK, DAY_IN_MONTH, DAY_IN_YEAR, DAY_NAME) VALUES (34, '2006-11-07', 2019, 2, 6, 15, 3, 7, 4, 340, 'Monday')
INSERT dbo.T_DATE(DATE_PK, FULL_DATE, CALENDAR_YEAR, QUARTER, CALENDAR_MONTH, WEEK_IN_YEAR, WEEK_IN_MONTH, DAY_IN_WEEK, DAY_IN_MONTH, DAY_IN_YEAR, DAY_NAME) VALUES (35, '2014-05-10', 2011, 1, 8, 39, 4, 5, 20, 230, 'Thursday')
INSERT dbo.T_DATE(DATE_PK, FULL_DATE, CALENDAR_YEAR, QUARTER, CALENDAR_MONTH, WEEK_IN_YEAR, WEEK_IN_MONTH, DAY_IN_WEEK, DAY_IN_MONTH, DAY_IN_YEAR, DAY_NAME) VALUES (36, '1980-01-07', 2006, 2, 7, 5, 3, 1, 29, 11, 'Tuesday')
INSERT dbo.T_DATE(DATE_PK, FULL_DATE, CALENDAR_YEAR, QUARTER, CALENDAR_MONTH, WEEK_IN_YEAR, WEEK_IN_MONTH, DAY_IN_WEEK, DAY_IN_MONTH, DAY_IN_YEAR, DAY_NAME) VALUES (37, '1980-01-06', 2022, 2, 2, 5, 2, 4, 21, 103, 'Sunday')
INSERT dbo.T_DATE(DATE_PK, FULL_DATE, CALENDAR_YEAR, QUARTER, CALENDAR_MONTH, WEEK_IN_YEAR, WEEK_IN_MONTH, DAY_IN_WEEK, DAY_IN_MONTH, DAY_IN_YEAR, DAY_NAME) VALUES (38, '2008-10-29', 2009, 1, 3, 37, 4, 5, 25, 319, 'Tuesday')
INSERT dbo.T_DATE(DATE_PK, FULL_DATE, CALENDAR_YEAR, QUARTER, CALENDAR_MONTH, WEEK_IN_YEAR, WEEK_IN_MONTH, DAY_IN_WEEK, DAY_IN_MONTH, DAY_IN_YEAR, DAY_NAME) VALUES (39, '2011-05-10', 2017, 3, 9, 37, 3, 2, 11, 36, 'Wednesday')
INSERT dbo.T_DATE(DATE_PK, FULL_DATE, CALENDAR_YEAR, QUARTER, CALENDAR_MONTH, WEEK_IN_YEAR, WEEK_IN_MONTH, DAY_IN_WEEK, DAY_IN_MONTH, DAY_IN_YEAR, DAY_NAME) VALUES (40, '1980-01-15', 2013, 1, 2, 7, 1, 5, 12, 51, 'Monday')
INSERT dbo.T_DATE(DATE_PK, FULL_DATE, CALENDAR_YEAR, QUARTER, CALENDAR_MONTH, WEEK_IN_YEAR, WEEK_IN_MONTH, DAY_IN_WEEK, DAY_IN_MONTH, DAY_IN_YEAR, DAY_NAME) VALUES (41, '2016-06-24', 2011, 1, 4, 23, 3, 3, 10, 5, 'Wednesday')
INSERT dbo.T_DATE(DATE_PK, FULL_DATE, CALENDAR_YEAR, QUARTER, CALENDAR_MONTH, WEEK_IN_YEAR, WEEK_IN_MONTH, DAY_IN_WEEK, DAY_IN_MONTH, DAY_IN_YEAR, DAY_NAME) VALUES (42, '2004-04-15', 2008, 4, 4, 41, 2, 7, 23, 23, 'Tuesday')
INSERT dbo.T_DATE(DATE_PK, FULL_DATE, CALENDAR_YEAR, QUARTER, CALENDAR_MONTH, WEEK_IN_YEAR, WEEK_IN_MONTH, DAY_IN_WEEK, DAY_IN_MONTH, DAY_IN_YEAR, DAY_NAME) VALUES (43, '1980-03-11', 2004, 3, 9, 25, 4, 5, 19, 22, 'Sunday')
INSERT dbo.T_DATE(DATE_PK, FULL_DATE, CALENDAR_YEAR, QUARTER, CALENDAR_MONTH, WEEK_IN_YEAR, WEEK_IN_MONTH, DAY_IN_WEEK, DAY_IN_MONTH, DAY_IN_YEAR, DAY_NAME) VALUES (44, '2022-07-29', 2006, 4, 4, 20, 1, 4, 26, 359, 'Tuesday')
INSERT dbo.T_DATE(DATE_PK, FULL_DATE, CALENDAR_YEAR, QUARTER, CALENDAR_MONTH, WEEK_IN_YEAR, WEEK_IN_MONTH, DAY_IN_WEEK, DAY_IN_MONTH, DAY_IN_YEAR, DAY_NAME) VALUES (45, '1980-10-30', 2003, 2, 9, 22, 3, 5, 8, 351, 'Sunday')
INSERT dbo.T_DATE(DATE_PK, FULL_DATE, CALENDAR_YEAR, QUARTER, CALENDAR_MONTH, WEEK_IN_YEAR, WEEK_IN_MONTH, DAY_IN_WEEK, DAY_IN_MONTH, DAY_IN_YEAR, DAY_NAME) VALUES (46, '2013-05-12', 2005, 1, 11, 30, 3, 1, 3, 266, 'Friday')
INSERT dbo.T_DATE(DATE_PK, FULL_DATE, CALENDAR_YEAR, QUARTER, CALENDAR_MONTH, WEEK_IN_YEAR, WEEK_IN_MONTH, DAY_IN_WEEK, DAY_IN_MONTH, DAY_IN_YEAR, DAY_NAME) VALUES (47, '1990-12-17', 2007, 4, 7, 9, 4, 5, 5, 171, 'Tuesday')
INSERT dbo.T_DATE(DATE_PK, FULL_DATE, CALENDAR_YEAR, QUARTER, CALENDAR_MONTH, WEEK_IN_YEAR, WEEK_IN_MONTH, DAY_IN_WEEK, DAY_IN_MONTH, DAY_IN_YEAR, DAY_NAME) VALUES (48, '1998-04-20', 2012, 1, 12, 47, 2, 6, 30, 203, 'Tuesday')
INSERT dbo.T_DATE(DATE_PK, FULL_DATE, CALENDAR_YEAR, QUARTER, CALENDAR_MONTH, WEEK_IN_YEAR, WEEK_IN_MONTH, DAY_IN_WEEK, DAY_IN_MONTH, DAY_IN_YEAR, DAY_NAME) VALUES (49, '2021-08-12', 2006, 2, 10, 32, 2, 4, 7, 352, 'Monday')
INSERT dbo.T_DATE(DATE_PK, FULL_DATE, CALENDAR_YEAR, QUARTER, CALENDAR_MONTH, WEEK_IN_YEAR, WEEK_IN_MONTH, DAY_IN_WEEK, DAY_IN_MONTH, DAY_IN_YEAR, DAY_NAME) VALUES (50, '1980-01-11', 2019, 4, 7, 15, 3, 6, 1, 361, 'Friday')
GO

--
-- Inserting data into table dbo.TICKETS
--
INSERT dbo.TICKETS(TICKET_PK, TICKET_ID, TICKETS_CLASS, TICKETS_FARE, SEAT_NUM, UPGRADE_CHECK) VALUES (1, 'TIC000', 'ECO_Class', 1399, NULL, 1)
INSERT dbo.TICKETS(TICKET_PK, TICKET_ID, TICKETS_CLASS, TICKETS_FARE, SEAT_NUM, UPGRADE_CHECK) VALUES (2, 'TIC001', 'ECO_Class', 1087, 2385, 0)
INSERT dbo.TICKETS(TICKET_PK, TICKET_ID, TICKETS_CLASS, TICKETS_FARE, SEAT_NUM, UPGRADE_CHECK) VALUES (3, 'TIC002', 'Business_Class', 1439, 412, 0)
INSERT dbo.TICKETS(TICKET_PK, TICKET_ID, TICKETS_CLASS, TICKETS_FARE, SEAT_NUM, UPGRADE_CHECK) VALUES (4, 'TIC003', 'ECO_Class', 1972, NULL, 1)
INSERT dbo.TICKETS(TICKET_PK, TICKET_ID, TICKETS_CLASS, TICKETS_FARE, SEAT_NUM, UPGRADE_CHECK) VALUES (5, 'TIC004', 'Business_Class', 8644, 398, 0)
INSERT dbo.TICKETS(TICKET_PK, TICKET_ID, TICKETS_CLASS, TICKETS_FARE, SEAT_NUM, UPGRADE_CHECK) VALUES (6, 'TIC005', 'Business_Class', 2323, 3301, 0)
INSERT dbo.TICKETS(TICKET_PK, TICKET_ID, TICKETS_CLASS, TICKETS_FARE, SEAT_NUM, UPGRADE_CHECK) VALUES (7, 'TIC006', 'First_Class', 8268, 4798, 0)
INSERT dbo.TICKETS(TICKET_PK, TICKET_ID, TICKETS_CLASS, TICKETS_FARE, SEAT_NUM, UPGRADE_CHECK) VALUES (8, 'TIC007', 'ECO_Class', 1644, 677, 0)
INSERT dbo.TICKETS(TICKET_PK, TICKET_ID, TICKETS_CLASS, TICKETS_FARE, SEAT_NUM, UPGRADE_CHECK) VALUES (9, 'TIC008', 'Business_Class', 3232, NULL, 1)
INSERT dbo.TICKETS(TICKET_PK, TICKET_ID, TICKETS_CLASS, TICKETS_FARE, SEAT_NUM, UPGRADE_CHECK) VALUES (10, 'TIC009', 'First_Class', 8648, 26, 1)
INSERT dbo.TICKETS(TICKET_PK, TICKET_ID, TICKETS_CLASS, TICKETS_FARE, SEAT_NUM, UPGRADE_CHECK) VALUES (11, 'TIC010', 'First_Class', 8240, 2366, 0)
INSERT dbo.TICKETS(TICKET_PK, TICKET_ID, TICKETS_CLASS, TICKETS_FARE, SEAT_NUM, UPGRADE_CHECK) VALUES (12, 'TIC011', 'ECO_Class', 4299, 957, 1)
INSERT dbo.TICKETS(TICKET_PK, TICKET_ID, TICKETS_CLASS, TICKETS_FARE, SEAT_NUM, UPGRADE_CHECK) VALUES (13, 'TIC012', 'Business_Class', 8626, 8, 1)
INSERT dbo.TICKETS(TICKET_PK, TICKET_ID, TICKETS_CLASS, TICKETS_FARE, SEAT_NUM, UPGRADE_CHECK) VALUES (14, 'TIC013', 'ECO_Class', 7946, NULL, 1)
INSERT dbo.TICKETS(TICKET_PK, TICKET_ID, TICKETS_CLASS, TICKETS_FARE, SEAT_NUM, UPGRADE_CHECK) VALUES (15, 'TIC014', 'First_Class', 2906, NULL, 1)
INSERT dbo.TICKETS(TICKET_PK, TICKET_ID, TICKETS_CLASS, TICKETS_FARE, SEAT_NUM, UPGRADE_CHECK) VALUES (16, 'TIC015', 'Business_Class', 4832, 2828, 1)
INSERT dbo.TICKETS(TICKET_PK, TICKET_ID, TICKETS_CLASS, TICKETS_FARE, SEAT_NUM, UPGRADE_CHECK) VALUES (17, 'TIC016', 'ECO_Class', 5015, 4613, 1)
INSERT dbo.TICKETS(TICKET_PK, TICKET_ID, TICKETS_CLASS, TICKETS_FARE, SEAT_NUM, UPGRADE_CHECK) VALUES (18, 'TIC017', 'First_Class', 3841, 3705, 0)
INSERT dbo.TICKETS(TICKET_PK, TICKET_ID, TICKETS_CLASS, TICKETS_FARE, SEAT_NUM, UPGRADE_CHECK) VALUES (19, 'TIC018', 'Business_Class', 7068, 94, 1)
INSERT dbo.TICKETS(TICKET_PK, TICKET_ID, TICKETS_CLASS, TICKETS_FARE, SEAT_NUM, UPGRADE_CHECK) VALUES (20, 'TIC019', 'Business_Class', 6953, 1830, 1)
INSERT dbo.TICKETS(TICKET_PK, TICKET_ID, TICKETS_CLASS, TICKETS_FARE, SEAT_NUM, UPGRADE_CHECK) VALUES (21, 'TIC020', 'Business_Class', 7320, NULL, 1)
INSERT dbo.TICKETS(TICKET_PK, TICKET_ID, TICKETS_CLASS, TICKETS_FARE, SEAT_NUM, UPGRADE_CHECK) VALUES (22, 'TIC021', 'First_Class', 8783, 3679, 1)
INSERT dbo.TICKETS(TICKET_PK, TICKET_ID, TICKETS_CLASS, TICKETS_FARE, SEAT_NUM, UPGRADE_CHECK) VALUES (23, 'TIC022', 'Business_Class', 5700, 3824, 0)
INSERT dbo.TICKETS(TICKET_PK, TICKET_ID, TICKETS_CLASS, TICKETS_FARE, SEAT_NUM, UPGRADE_CHECK) VALUES (24, 'TIC023', 'ECO_Class', 7635, NULL, 0)
INSERT dbo.TICKETS(TICKET_PK, TICKET_ID, TICKETS_CLASS, TICKETS_FARE, SEAT_NUM, UPGRADE_CHECK) VALUES (25, 'TIC024', 'First_Class', 6515, 2159, 1)
INSERT dbo.TICKETS(TICKET_PK, TICKET_ID, TICKETS_CLASS, TICKETS_FARE, SEAT_NUM, UPGRADE_CHECK) VALUES (26, 'TIC025', 'First_Class', 8815, 515, 0)
INSERT dbo.TICKETS(TICKET_PK, TICKET_ID, TICKETS_CLASS, TICKETS_FARE, SEAT_NUM, UPGRADE_CHECK) VALUES (27, 'TIC026', 'ECO_Class', 4603, 3972, 0)
INSERT dbo.TICKETS(TICKET_PK, TICKET_ID, TICKETS_CLASS, TICKETS_FARE, SEAT_NUM, UPGRADE_CHECK) VALUES (28, 'TIC027', 'First_Class', 7516, 66, 1)
INSERT dbo.TICKETS(TICKET_PK, TICKET_ID, TICKETS_CLASS, TICKETS_FARE, SEAT_NUM, UPGRADE_CHECK) VALUES (29, 'TIC028', 'First_Class', 4207, 776, 0)
INSERT dbo.TICKETS(TICKET_PK, TICKET_ID, TICKETS_CLASS, TICKETS_FARE, SEAT_NUM, UPGRADE_CHECK) VALUES (30, 'TIC029', 'ECO_Class', 7188, 3733, 1)
INSERT dbo.TICKETS(TICKET_PK, TICKET_ID, TICKETS_CLASS, TICKETS_FARE, SEAT_NUM, UPGRADE_CHECK) VALUES (31, 'TIC030', 'Business_Class', 5012, 4875, 0)
INSERT dbo.TICKETS(TICKET_PK, TICKET_ID, TICKETS_CLASS, TICKETS_FARE, SEAT_NUM, UPGRADE_CHECK) VALUES (32, 'TIC031', 'Business_Class', 5738, 2562, 0)
INSERT dbo.TICKETS(TICKET_PK, TICKET_ID, TICKETS_CLASS, TICKETS_FARE, SEAT_NUM, UPGRADE_CHECK) VALUES (33, 'TIC032', 'ECO_Class', 7488, 4171, 0)
INSERT dbo.TICKETS(TICKET_PK, TICKET_ID, TICKETS_CLASS, TICKETS_FARE, SEAT_NUM, UPGRADE_CHECK) VALUES (34, 'TIC033', 'Business_Class', 5364, 1908, NULL)
INSERT dbo.TICKETS(TICKET_PK, TICKET_ID, TICKETS_CLASS, TICKETS_FARE, SEAT_NUM, UPGRADE_CHECK) VALUES (35, 'TIC034', 'ECO_Class', 2542, 92, 1)
INSERT dbo.TICKETS(TICKET_PK, TICKET_ID, TICKETS_CLASS, TICKETS_FARE, SEAT_NUM, UPGRADE_CHECK) VALUES (36, 'TIC035', 'Business_Class', 1871, 2557, 0)
INSERT dbo.TICKETS(TICKET_PK, TICKET_ID, TICKETS_CLASS, TICKETS_FARE, SEAT_NUM, UPGRADE_CHECK) VALUES (37, 'TIC036', 'Business_Class', 7937, 2663, 0)
INSERT dbo.TICKETS(TICKET_PK, TICKET_ID, TICKETS_CLASS, TICKETS_FARE, SEAT_NUM, UPGRADE_CHECK) VALUES (38, 'TIC037', 'First_Class', 4752, 4038, 1)
INSERT dbo.TICKETS(TICKET_PK, TICKET_ID, TICKETS_CLASS, TICKETS_FARE, SEAT_NUM, UPGRADE_CHECK) VALUES (39, 'TIC038', 'ECO_Class', 7653, 4826, 1)
INSERT dbo.TICKETS(TICKET_PK, TICKET_ID, TICKETS_CLASS, TICKETS_FARE, SEAT_NUM, UPGRADE_CHECK) VALUES (40, 'TIC039', 'Business_Class', 3344, 4345, 0)
INSERT dbo.TICKETS(TICKET_PK, TICKET_ID, TICKETS_CLASS, TICKETS_FARE, SEAT_NUM, UPGRADE_CHECK) VALUES (41, 'TIC040', 'Business_Class', 4628, 817, 1)
INSERT dbo.TICKETS(TICKET_PK, TICKET_ID, TICKETS_CLASS, TICKETS_FARE, SEAT_NUM, UPGRADE_CHECK) VALUES (42, 'TIC041', 'ECO_Class', 8826, 4927, 1)
INSERT dbo.TICKETS(TICKET_PK, TICKET_ID, TICKETS_CLASS, TICKETS_FARE, SEAT_NUM, UPGRADE_CHECK) VALUES (43, 'TIC042', 'First_Class', 1188, NULL, 1)
INSERT dbo.TICKETS(TICKET_PK, TICKET_ID, TICKETS_CLASS, TICKETS_FARE, SEAT_NUM, UPGRADE_CHECK) VALUES (44, 'TIC043', 'First_Class', 5885, 1811, 1)
INSERT dbo.TICKETS(TICKET_PK, TICKET_ID, TICKETS_CLASS, TICKETS_FARE, SEAT_NUM, UPGRADE_CHECK) VALUES (45, 'TIC044', 'ECO_Class', 4838, 2818, 1)
INSERT dbo.TICKETS(TICKET_PK, TICKET_ID, TICKETS_CLASS, TICKETS_FARE, SEAT_NUM, UPGRADE_CHECK) VALUES (46, 'TIC045', 'Business_Class', 7278, NULL, NULL)
INSERT dbo.TICKETS(TICKET_PK, TICKET_ID, TICKETS_CLASS, TICKETS_FARE, SEAT_NUM, UPGRADE_CHECK) VALUES (47, 'TIC046', 'ECO_Class', 5480, 80, 1)
INSERT dbo.TICKETS(TICKET_PK, TICKET_ID, TICKETS_CLASS, TICKETS_FARE, SEAT_NUM, UPGRADE_CHECK) VALUES (48, 'TIC047', 'ECO_Class', 4109, 1270, 1)
INSERT dbo.TICKETS(TICKET_PK, TICKET_ID, TICKETS_CLASS, TICKETS_FARE, SEAT_NUM, UPGRADE_CHECK) VALUES (49, 'TIC048', 'ECO_Class', 3458, 1078, 0)
INSERT dbo.TICKETS(TICKET_PK, TICKET_ID, TICKETS_CLASS, TICKETS_FARE, SEAT_NUM, UPGRADE_CHECK) VALUES (50, 'TIC049', 'First_Class', 2377, 2066, 1)
GO

--
-- Inserting data into table dbo.CUSTOMER_CARE
--
INSERT dbo.CUSTOMER_CARE(FLIGHT_FK, DATE_FK, AIRPLANE_FK, PROBLEM_FK, PASSENGER_FK, COMPLAINTS_PER_FLIGHT, COMPLAINTS_PER_FLIGHT_RATE, COMPLAINTS_PER_AIRPLANE, COMPLAINTS_PER_YEAR) VALUES (24, 3, 7, 22, 24, 3, 282109, 56, 214)
INSERT dbo.CUSTOMER_CARE(FLIGHT_FK, DATE_FK, AIRPLANE_FK, PROBLEM_FK, PASSENGER_FK, COMPLAINTS_PER_FLIGHT, COMPLAINTS_PER_FLIGHT_RATE, COMPLAINTS_PER_AIRPLANE, COMPLAINTS_PER_YEAR) VALUES (10, 23, 28, 1, 10, 913, 809737, 57, 181)
INSERT dbo.CUSTOMER_CARE(FLIGHT_FK, DATE_FK, AIRPLANE_FK, PROBLEM_FK, PASSENGER_FK, COMPLAINTS_PER_FLIGHT, COMPLAINTS_PER_FLIGHT_RATE, COMPLAINTS_PER_AIRPLANE, COMPLAINTS_PER_YEAR) VALUES (21, 18, 27, 27, 21, 7, 423419, 69, 11)
INSERT dbo.CUSTOMER_CARE(FLIGHT_FK, DATE_FK, AIRPLANE_FK, PROBLEM_FK, PASSENGER_FK, COMPLAINTS_PER_FLIGHT, COMPLAINTS_PER_FLIGHT_RATE, COMPLAINTS_PER_AIRPLANE, COMPLAINTS_PER_YEAR) VALUES (28, 42, 45, 22, 28, 607, 502082, 46, 178)
INSERT dbo.CUSTOMER_CARE(FLIGHT_FK, DATE_FK, AIRPLANE_FK, PROBLEM_FK, PASSENGER_FK, COMPLAINTS_PER_FLIGHT, COMPLAINTS_PER_FLIGHT_RATE, COMPLAINTS_PER_AIRPLANE, COMPLAINTS_PER_YEAR) VALUES (34, 20, 1, 39, 34, 722, 526184, 48, 139)
INSERT dbo.CUSTOMER_CARE(FLIGHT_FK, DATE_FK, AIRPLANE_FK, PROBLEM_FK, PASSENGER_FK, COMPLAINTS_PER_FLIGHT, COMPLAINTS_PER_FLIGHT_RATE, COMPLAINTS_PER_AIRPLANE, COMPLAINTS_PER_YEAR) VALUES (14, 46, 28, 30, 14, 548, 860362, 31, 178)
INSERT dbo.CUSTOMER_CARE(FLIGHT_FK, DATE_FK, AIRPLANE_FK, PROBLEM_FK, PASSENGER_FK, COMPLAINTS_PER_FLIGHT, COMPLAINTS_PER_FLIGHT_RATE, COMPLAINTS_PER_AIRPLANE, COMPLAINTS_PER_YEAR) VALUES (13, 30, 21, 46, 13, 216, 27931, 69, 50)
INSERT dbo.CUSTOMER_CARE(FLIGHT_FK, DATE_FK, AIRPLANE_FK, PROBLEM_FK, PASSENGER_FK, COMPLAINTS_PER_FLIGHT, COMPLAINTS_PER_FLIGHT_RATE, COMPLAINTS_PER_AIRPLANE, COMPLAINTS_PER_YEAR) VALUES (39, 18, 23, 38, 39, 96, 858785, 43, 61)
INSERT dbo.CUSTOMER_CARE(FLIGHT_FK, DATE_FK, AIRPLANE_FK, PROBLEM_FK, PASSENGER_FK, COMPLAINTS_PER_FLIGHT, COMPLAINTS_PER_FLIGHT_RATE, COMPLAINTS_PER_AIRPLANE, COMPLAINTS_PER_YEAR) VALUES (12, 19, 42, 17, 12, 124, 979815, 38, 7)
INSERT dbo.CUSTOMER_CARE(FLIGHT_FK, DATE_FK, AIRPLANE_FK, PROBLEM_FK, PASSENGER_FK, COMPLAINTS_PER_FLIGHT, COMPLAINTS_PER_FLIGHT_RATE, COMPLAINTS_PER_AIRPLANE, COMPLAINTS_PER_YEAR) VALUES (20, 47, 11, 46, 20, 981, 926585, 13, 225)
INSERT dbo.CUSTOMER_CARE(FLIGHT_FK, DATE_FK, AIRPLANE_FK, PROBLEM_FK, PASSENGER_FK, COMPLAINTS_PER_FLIGHT, COMPLAINTS_PER_FLIGHT_RATE, COMPLAINTS_PER_AIRPLANE, COMPLAINTS_PER_YEAR) VALUES (8, 39, 4, 48, 8, 638, 821209, 78, 187)
INSERT dbo.CUSTOMER_CARE(FLIGHT_FK, DATE_FK, AIRPLANE_FK, PROBLEM_FK, PASSENGER_FK, COMPLAINTS_PER_FLIGHT, COMPLAINTS_PER_FLIGHT_RATE, COMPLAINTS_PER_AIRPLANE, COMPLAINTS_PER_YEAR) VALUES (4, 3, 37, 16, 4, 710, 798013, 72, 4)
INSERT dbo.CUSTOMER_CARE(FLIGHT_FK, DATE_FK, AIRPLANE_FK, PROBLEM_FK, PASSENGER_FK, COMPLAINTS_PER_FLIGHT, COMPLAINTS_PER_FLIGHT_RATE, COMPLAINTS_PER_AIRPLANE, COMPLAINTS_PER_YEAR) VALUES (31, 27, 8, 3, 31, 4, 474521, 19, 300)
INSERT dbo.CUSTOMER_CARE(FLIGHT_FK, DATE_FK, AIRPLANE_FK, PROBLEM_FK, PASSENGER_FK, COMPLAINTS_PER_FLIGHT, COMPLAINTS_PER_FLIGHT_RATE, COMPLAINTS_PER_AIRPLANE, COMPLAINTS_PER_YEAR) VALUES (27, 11, 21, 10, 27, 583, 846441, 61, 126)
INSERT dbo.CUSTOMER_CARE(FLIGHT_FK, DATE_FK, AIRPLANE_FK, PROBLEM_FK, PASSENGER_FK, COMPLAINTS_PER_FLIGHT, COMPLAINTS_PER_FLIGHT_RATE, COMPLAINTS_PER_AIRPLANE, COMPLAINTS_PER_YEAR) VALUES (29, 10, 42, 43, 29, 675, 251470, 13, 3)
INSERT dbo.CUSTOMER_CARE(FLIGHT_FK, DATE_FK, AIRPLANE_FK, PROBLEM_FK, PASSENGER_FK, COMPLAINTS_PER_FLIGHT, COMPLAINTS_PER_FLIGHT_RATE, COMPLAINTS_PER_AIRPLANE, COMPLAINTS_PER_YEAR) VALUES (33, 19, 3, 47, 33, 273, 341568, 35, 173)
INSERT dbo.CUSTOMER_CARE(FLIGHT_FK, DATE_FK, AIRPLANE_FK, PROBLEM_FK, PASSENGER_FK, COMPLAINTS_PER_FLIGHT, COMPLAINTS_PER_FLIGHT_RATE, COMPLAINTS_PER_AIRPLANE, COMPLAINTS_PER_YEAR) VALUES (26, 2, 5, 23, 26, 488, 944752, 77, 165)
INSERT dbo.CUSTOMER_CARE(FLIGHT_FK, DATE_FK, AIRPLANE_FK, PROBLEM_FK, PASSENGER_FK, COMPLAINTS_PER_FLIGHT, COMPLAINTS_PER_FLIGHT_RATE, COMPLAINTS_PER_AIRPLANE, COMPLAINTS_PER_YEAR) VALUES (38, 34, 24, 8, 38, 628, 627993, 28, 186)
INSERT dbo.CUSTOMER_CARE(FLIGHT_FK, DATE_FK, AIRPLANE_FK, PROBLEM_FK, PASSENGER_FK, COMPLAINTS_PER_FLIGHT, COMPLAINTS_PER_FLIGHT_RATE, COMPLAINTS_PER_AIRPLANE, COMPLAINTS_PER_YEAR) VALUES (33, 29, 33, 32, 33, 182, 773535, 30, 182)
INSERT dbo.CUSTOMER_CARE(FLIGHT_FK, DATE_FK, AIRPLANE_FK, PROBLEM_FK, PASSENGER_FK, COMPLAINTS_PER_FLIGHT, COMPLAINTS_PER_FLIGHT_RATE, COMPLAINTS_PER_AIRPLANE, COMPLAINTS_PER_YEAR) VALUES (13, 24, 33, 45, 13, 318, 517378, 71, 113)
INSERT dbo.CUSTOMER_CARE(FLIGHT_FK, DATE_FK, AIRPLANE_FK, PROBLEM_FK, PASSENGER_FK, COMPLAINTS_PER_FLIGHT, COMPLAINTS_PER_FLIGHT_RATE, COMPLAINTS_PER_AIRPLANE, COMPLAINTS_PER_YEAR) VALUES (28, 14, 4, 1, 28, 511, 14937, 34, NULL)
INSERT dbo.CUSTOMER_CARE(FLIGHT_FK, DATE_FK, AIRPLANE_FK, PROBLEM_FK, PASSENGER_FK, COMPLAINTS_PER_FLIGHT, COMPLAINTS_PER_FLIGHT_RATE, COMPLAINTS_PER_AIRPLANE, COMPLAINTS_PER_YEAR) VALUES (2, 10, 32, 36, 2, 375, 872550, 41, 197)
INSERT dbo.CUSTOMER_CARE(FLIGHT_FK, DATE_FK, AIRPLANE_FK, PROBLEM_FK, PASSENGER_FK, COMPLAINTS_PER_FLIGHT, COMPLAINTS_PER_FLIGHT_RATE, COMPLAINTS_PER_AIRPLANE, COMPLAINTS_PER_YEAR) VALUES (36, 33, 22, 8, 36, 965, 517847, 52, 81)
INSERT dbo.CUSTOMER_CARE(FLIGHT_FK, DATE_FK, AIRPLANE_FK, PROBLEM_FK, PASSENGER_FK, COMPLAINTS_PER_FLIGHT, COMPLAINTS_PER_FLIGHT_RATE, COMPLAINTS_PER_AIRPLANE, COMPLAINTS_PER_YEAR) VALUES (47, 12, 23, 12, 47, 217, 213171, 30, 122)
INSERT dbo.CUSTOMER_CARE(FLIGHT_FK, DATE_FK, AIRPLANE_FK, PROBLEM_FK, PASSENGER_FK, COMPLAINTS_PER_FLIGHT, COMPLAINTS_PER_FLIGHT_RATE, COMPLAINTS_PER_AIRPLANE, COMPLAINTS_PER_YEAR) VALUES (43, 15, 47, 24, 43, 58, 768518, 20, 202)
INSERT dbo.CUSTOMER_CARE(FLIGHT_FK, DATE_FK, AIRPLANE_FK, PROBLEM_FK, PASSENGER_FK, COMPLAINTS_PER_FLIGHT, COMPLAINTS_PER_FLIGHT_RATE, COMPLAINTS_PER_AIRPLANE, COMPLAINTS_PER_YEAR) VALUES (26, 34, 13, 27, 26, 481, 66364, 80, 174)
INSERT dbo.CUSTOMER_CARE(FLIGHT_FK, DATE_FK, AIRPLANE_FK, PROBLEM_FK, PASSENGER_FK, COMPLAINTS_PER_FLIGHT, COMPLAINTS_PER_FLIGHT_RATE, COMPLAINTS_PER_AIRPLANE, COMPLAINTS_PER_YEAR) VALUES (41, 32, 41, 34, 41, 184, 915819, 3, 253)
INSERT dbo.CUSTOMER_CARE(FLIGHT_FK, DATE_FK, AIRPLANE_FK, PROBLEM_FK, PASSENGER_FK, COMPLAINTS_PER_FLIGHT, COMPLAINTS_PER_FLIGHT_RATE, COMPLAINTS_PER_AIRPLANE, COMPLAINTS_PER_YEAR) VALUES (7, 20, 40, 15, 7, 595, 57005, 58, 209)
INSERT dbo.CUSTOMER_CARE(FLIGHT_FK, DATE_FK, AIRPLANE_FK, PROBLEM_FK, PASSENGER_FK, COMPLAINTS_PER_FLIGHT, COMPLAINTS_PER_FLIGHT_RATE, COMPLAINTS_PER_AIRPLANE, COMPLAINTS_PER_YEAR) VALUES (7, 34, 37, 12, 7, 867, 183253, 26, 55)
INSERT dbo.CUSTOMER_CARE(FLIGHT_FK, DATE_FK, AIRPLANE_FK, PROBLEM_FK, PASSENGER_FK, COMPLAINTS_PER_FLIGHT, COMPLAINTS_PER_FLIGHT_RATE, COMPLAINTS_PER_AIRPLANE, COMPLAINTS_PER_YEAR) VALUES (12, 36, 47, 21, 12, 870, 630694, 100, 4)
INSERT dbo.CUSTOMER_CARE(FLIGHT_FK, DATE_FK, AIRPLANE_FK, PROBLEM_FK, PASSENGER_FK, COMPLAINTS_PER_FLIGHT, COMPLAINTS_PER_FLIGHT_RATE, COMPLAINTS_PER_AIRPLANE, COMPLAINTS_PER_YEAR) VALUES (15, 5, 13, 2, 15, 694, 271660, 36, 44)
INSERT dbo.CUSTOMER_CARE(FLIGHT_FK, DATE_FK, AIRPLANE_FK, PROBLEM_FK, PASSENGER_FK, COMPLAINTS_PER_FLIGHT, COMPLAINTS_PER_FLIGHT_RATE, COMPLAINTS_PER_AIRPLANE, COMPLAINTS_PER_YEAR) VALUES (10, 16, 46, 44, 10, 5, 488537, 39, 279)
INSERT dbo.CUSTOMER_CARE(FLIGHT_FK, DATE_FK, AIRPLANE_FK, PROBLEM_FK, PASSENGER_FK, COMPLAINTS_PER_FLIGHT, COMPLAINTS_PER_FLIGHT_RATE, COMPLAINTS_PER_AIRPLANE, COMPLAINTS_PER_YEAR) VALUES (33, 8, 19, 17, 33, 951, 168462, 31, 175)
INSERT dbo.CUSTOMER_CARE(FLIGHT_FK, DATE_FK, AIRPLANE_FK, PROBLEM_FK, PASSENGER_FK, COMPLAINTS_PER_FLIGHT, COMPLAINTS_PER_FLIGHT_RATE, COMPLAINTS_PER_AIRPLANE, COMPLAINTS_PER_YEAR) VALUES (35, 44, 28, 9, 35, 556, 576116, 55, 72)
INSERT dbo.CUSTOMER_CARE(FLIGHT_FK, DATE_FK, AIRPLANE_FK, PROBLEM_FK, PASSENGER_FK, COMPLAINTS_PER_FLIGHT, COMPLAINTS_PER_FLIGHT_RATE, COMPLAINTS_PER_AIRPLANE, COMPLAINTS_PER_YEAR) VALUES (44, 10, 19, 7, 44, 453, 591426, 59, 98)
INSERT dbo.CUSTOMER_CARE(FLIGHT_FK, DATE_FK, AIRPLANE_FK, PROBLEM_FK, PASSENGER_FK, COMPLAINTS_PER_FLIGHT, COMPLAINTS_PER_FLIGHT_RATE, COMPLAINTS_PER_AIRPLANE, COMPLAINTS_PER_YEAR) VALUES (6, 22, 19, 34, 6, 704, 490733, 7, 47)
INSERT dbo.CUSTOMER_CARE(FLIGHT_FK, DATE_FK, AIRPLANE_FK, PROBLEM_FK, PASSENGER_FK, COMPLAINTS_PER_FLIGHT, COMPLAINTS_PER_FLIGHT_RATE, COMPLAINTS_PER_AIRPLANE, COMPLAINTS_PER_YEAR) VALUES (39, 1, 4, 44, 39, 601, 353702, 69, 8)
INSERT dbo.CUSTOMER_CARE(FLIGHT_FK, DATE_FK, AIRPLANE_FK, PROBLEM_FK, PASSENGER_FK, COMPLAINTS_PER_FLIGHT, COMPLAINTS_PER_FLIGHT_RATE, COMPLAINTS_PER_AIRPLANE, COMPLAINTS_PER_YEAR) VALUES (49, 41, 20, 40, 49, 753, 159659, 84, 17)
INSERT dbo.CUSTOMER_CARE(FLIGHT_FK, DATE_FK, AIRPLANE_FK, PROBLEM_FK, PASSENGER_FK, COMPLAINTS_PER_FLIGHT, COMPLAINTS_PER_FLIGHT_RATE, COMPLAINTS_PER_AIRPLANE, COMPLAINTS_PER_YEAR) VALUES (48, 13, 43, 6, 48, 677, 412794, 56, 50)
INSERT dbo.CUSTOMER_CARE(FLIGHT_FK, DATE_FK, AIRPLANE_FK, PROBLEM_FK, PASSENGER_FK, COMPLAINTS_PER_FLIGHT, COMPLAINTS_PER_FLIGHT_RATE, COMPLAINTS_PER_AIRPLANE, COMPLAINTS_PER_YEAR) VALUES (6, 41, 1, 34, 6, 108, 139231, 96, 166)
INSERT dbo.CUSTOMER_CARE(FLIGHT_FK, DATE_FK, AIRPLANE_FK, PROBLEM_FK, PASSENGER_FK, COMPLAINTS_PER_FLIGHT, COMPLAINTS_PER_FLIGHT_RATE, COMPLAINTS_PER_AIRPLANE, COMPLAINTS_PER_YEAR) VALUES (18, 5, 20, 25, 18, 166, 436991, 91, 32)
INSERT dbo.CUSTOMER_CARE(FLIGHT_FK, DATE_FK, AIRPLANE_FK, PROBLEM_FK, PASSENGER_FK, COMPLAINTS_PER_FLIGHT, COMPLAINTS_PER_FLIGHT_RATE, COMPLAINTS_PER_AIRPLANE, COMPLAINTS_PER_YEAR) VALUES (27, 30, 17, 14, 27, 818, 302361, 41, 133)
INSERT dbo.CUSTOMER_CARE(FLIGHT_FK, DATE_FK, AIRPLANE_FK, PROBLEM_FK, PASSENGER_FK, COMPLAINTS_PER_FLIGHT, COMPLAINTS_PER_FLIGHT_RATE, COMPLAINTS_PER_AIRPLANE, COMPLAINTS_PER_YEAR) VALUES (23, 3, 12, 9, 23, 469, 873782, 38, 4)
INSERT dbo.CUSTOMER_CARE(FLIGHT_FK, DATE_FK, AIRPLANE_FK, PROBLEM_FK, PASSENGER_FK, COMPLAINTS_PER_FLIGHT, COMPLAINTS_PER_FLIGHT_RATE, COMPLAINTS_PER_AIRPLANE, COMPLAINTS_PER_YEAR) VALUES (40, 44, 15, 50, 40, 306, 595180, 93, NULL)
INSERT dbo.CUSTOMER_CARE(FLIGHT_FK, DATE_FK, AIRPLANE_FK, PROBLEM_FK, PASSENGER_FK, COMPLAINTS_PER_FLIGHT, COMPLAINTS_PER_FLIGHT_RATE, COMPLAINTS_PER_AIRPLANE, COMPLAINTS_PER_YEAR) VALUES (15, 4, 4, 3, 15, 638, 148969, 92, 177)
INSERT dbo.CUSTOMER_CARE(FLIGHT_FK, DATE_FK, AIRPLANE_FK, PROBLEM_FK, PASSENGER_FK, COMPLAINTS_PER_FLIGHT, COMPLAINTS_PER_FLIGHT_RATE, COMPLAINTS_PER_AIRPLANE, COMPLAINTS_PER_YEAR) VALUES (38, 25, 47, 35, 38, 439, 205883, 4, 115)
INSERT dbo.CUSTOMER_CARE(FLIGHT_FK, DATE_FK, AIRPLANE_FK, PROBLEM_FK, PASSENGER_FK, COMPLAINTS_PER_FLIGHT, COMPLAINTS_PER_FLIGHT_RATE, COMPLAINTS_PER_AIRPLANE, COMPLAINTS_PER_YEAR) VALUES (49, 34, 8, 47, 49, 774, 597292, 37, 3)
INSERT dbo.CUSTOMER_CARE(FLIGHT_FK, DATE_FK, AIRPLANE_FK, PROBLEM_FK, PASSENGER_FK, COMPLAINTS_PER_FLIGHT, COMPLAINTS_PER_FLIGHT_RATE, COMPLAINTS_PER_AIRPLANE, COMPLAINTS_PER_YEAR) VALUES (41, 36, 48, 47, 41, 3, 948622, 18, 281)
INSERT dbo.CUSTOMER_CARE(FLIGHT_FK, DATE_FK, AIRPLANE_FK, PROBLEM_FK, PASSENGER_FK, COMPLAINTS_PER_FLIGHT, COMPLAINTS_PER_FLIGHT_RATE, COMPLAINTS_PER_AIRPLANE, COMPLAINTS_PER_YEAR) VALUES (17, 43, 2, 8, 17, 68, 568575, 38, NULL)
INSERT dbo.CUSTOMER_CARE(FLIGHT_FK, DATE_FK, AIRPLANE_FK, PROBLEM_FK, PASSENGER_FK, COMPLAINTS_PER_FLIGHT, COMPLAINTS_PER_FLIGHT_RATE, COMPLAINTS_PER_AIRPLANE, COMPLAINTS_PER_YEAR) VALUES (22, 24, 17, 25, 22, 717, 224283, 6, 292)
GO

--
-- Inserting data into table dbo.MARKETING
--
INSERT dbo.MARKETING(FLIGHT_FK, PROMOTION_FK, TICKET_FK, PASSENGER_FK, DATE_FK, GOLD_PASSENGERS, ALUMINUM_PASSENGERS, PLATINUM_PASSENGERS, TITANIUM_PASSENGERS, UPGRADED_TICKETS) VALUES (33, 1664343184, 18, 35, 3, 1884, 2404, 1, 498, 0)
INSERT dbo.MARKETING(FLIGHT_FK, PROMOTION_FK, TICKET_FK, PASSENGER_FK, DATE_FK, GOLD_PASSENGERS, ALUMINUM_PASSENGERS, PLATINUM_PASSENGERS, TITANIUM_PASSENGERS, UPGRADED_TICKETS) VALUES (37, 1664343184, 1, 22, 13, 81, 4121, 4271, 1037, 1)
INSERT dbo.MARKETING(FLIGHT_FK, PROMOTION_FK, TICKET_FK, PASSENGER_FK, DATE_FK, GOLD_PASSENGERS, ALUMINUM_PASSENGERS, PLATINUM_PASSENGERS, TITANIUM_PASSENGERS, UPGRADED_TICKETS) VALUES (41, 1449594819, 46, 43, 33, 7664, 866, 4212, 207, 1)
INSERT dbo.MARKETING(FLIGHT_FK, PROMOTION_FK, TICKET_FK, PASSENGER_FK, DATE_FK, GOLD_PASSENGERS, ALUMINUM_PASSENGERS, PLATINUM_PASSENGERS, TITANIUM_PASSENGERS, UPGRADED_TICKETS) VALUES (39, 1449594821, 11, 6, 39, 8501, 6882, 3132, 2, 1)
INSERT dbo.MARKETING(FLIGHT_FK, PROMOTION_FK, TICKET_FK, PASSENGER_FK, DATE_FK, GOLD_PASSENGERS, ALUMINUM_PASSENGERS, PLATINUM_PASSENGERS, TITANIUM_PASSENGERS, UPGRADED_TICKETS) VALUES (38, 888476201, 37, 2, 38, 9932, 2677, 48, 562, 2)
INSERT dbo.MARKETING(FLIGHT_FK, PROMOTION_FK, TICKET_FK, PASSENGER_FK, DATE_FK, GOLD_PASSENGERS, ALUMINUM_PASSENGERS, PLATINUM_PASSENGERS, TITANIUM_PASSENGERS, UPGRADED_TICKETS) VALUES (33, 888476201, 6, 48, 28, 1777, 4819, 4983, 1489, 0)
INSERT dbo.MARKETING(FLIGHT_FK, PROMOTION_FK, TICKET_FK, PASSENGER_FK, DATE_FK, GOLD_PASSENGERS, ALUMINUM_PASSENGERS, PLATINUM_PASSENGERS, TITANIUM_PASSENGERS, UPGRADED_TICKETS) VALUES (4, 1449594818, 20, 15, 28, 2648, 7943, 2398, 1947, 1)
INSERT dbo.MARKETING(FLIGHT_FK, PROMOTION_FK, TICKET_FK, PASSENGER_FK, DATE_FK, GOLD_PASSENGERS, ALUMINUM_PASSENGERS, PLATINUM_PASSENGERS, TITANIUM_PASSENGERS, UPGRADED_TICKETS) VALUES (15, 1103224563, 20, 15, 46, 3, 197, 3714, 1570, 5)
INSERT dbo.MARKETING(FLIGHT_FK, PROMOTION_FK, TICKET_FK, PASSENGER_FK, DATE_FK, GOLD_PASSENGERS, ALUMINUM_PASSENGERS, PLATINUM_PASSENGERS, TITANIUM_PASSENGERS, UPGRADED_TICKETS) VALUES (42, 1664343185, 22, 1, 28, 9544, 6632, 4021, 1730, 3)
INSERT dbo.MARKETING(FLIGHT_FK, PROMOTION_FK, TICKET_FK, PASSENGER_FK, DATE_FK, GOLD_PASSENGERS, ALUMINUM_PASSENGERS, PLATINUM_PASSENGERS, TITANIUM_PASSENGERS, UPGRADED_TICKETS) VALUES (41, 478216039, 32, 41, 21, 0, 364, 2902, 1620, 4)
INSERT dbo.MARKETING(FLIGHT_FK, PROMOTION_FK, TICKET_FK, PASSENGER_FK, DATE_FK, GOLD_PASSENGERS, ALUMINUM_PASSENGERS, PLATINUM_PASSENGERS, TITANIUM_PASSENGERS, UPGRADED_TICKETS) VALUES (31, 888476200, 10, 25, 37, 2759, 7830, 506, 1918, 5)
INSERT dbo.MARKETING(FLIGHT_FK, PROMOTION_FK, TICKET_FK, PASSENGER_FK, DATE_FK, GOLD_PASSENGERS, ALUMINUM_PASSENGERS, PLATINUM_PASSENGERS, TITANIUM_PASSENGERS, UPGRADED_TICKETS) VALUES (23, 416922985, 16, 25, 20, 5, 9347, 2746, 1982, 1)
INSERT dbo.MARKETING(FLIGHT_FK, PROMOTION_FK, TICKET_FK, PASSENGER_FK, DATE_FK, GOLD_PASSENGERS, ALUMINUM_PASSENGERS, PLATINUM_PASSENGERS, TITANIUM_PASSENGERS, UPGRADED_TICKETS) VALUES (6, 888476198, 6, 5, 12, 3969, 3897, 374, 383, 1)
INSERT dbo.MARKETING(FLIGHT_FK, PROMOTION_FK, TICKET_FK, PASSENGER_FK, DATE_FK, GOLD_PASSENGERS, ALUMINUM_PASSENGERS, PLATINUM_PASSENGERS, TITANIUM_PASSENGERS, UPGRADED_TICKETS) VALUES (29, 1103224564, 35, 2, 28, 1199, 8998, 2977, 1561, 1)
INSERT dbo.MARKETING(FLIGHT_FK, PROMOTION_FK, TICKET_FK, PASSENGER_FK, DATE_FK, GOLD_PASSENGERS, ALUMINUM_PASSENGERS, PLATINUM_PASSENGERS, TITANIUM_PASSENGERS, UPGRADED_TICKETS) VALUES (22, 1103224564, 17, 42, 20, 7820, 406, 4788, 201, 3)
INSERT dbo.MARKETING(FLIGHT_FK, PROMOTION_FK, TICKET_FK, PASSENGER_FK, DATE_FK, GOLD_PASSENGERS, ALUMINUM_PASSENGERS, PLATINUM_PASSENGERS, TITANIUM_PASSENGERS, UPGRADED_TICKETS) VALUES (17, 416922981, 13, 23, 7, 3, 1979, 83, 401, 2)
INSERT dbo.MARKETING(FLIGHT_FK, PROMOTION_FK, TICKET_FK, PASSENGER_FK, DATE_FK, GOLD_PASSENGERS, ALUMINUM_PASSENGERS, PLATINUM_PASSENGERS, TITANIUM_PASSENGERS, UPGRADED_TICKETS) VALUES (49, 888476200, 43, 39, 23, 8470, 9659, 967, 739, 4)
INSERT dbo.MARKETING(FLIGHT_FK, PROMOTION_FK, TICKET_FK, PASSENGER_FK, DATE_FK, GOLD_PASSENGERS, ALUMINUM_PASSENGERS, PLATINUM_PASSENGERS, TITANIUM_PASSENGERS, UPGRADED_TICKETS) VALUES (16, 1103224566, 8, 2, 4, 3041, 2589, 584, 535, 2)
INSERT dbo.MARKETING(FLIGHT_FK, PROMOTION_FK, TICKET_FK, PASSENGER_FK, DATE_FK, GOLD_PASSENGERS, ALUMINUM_PASSENGERS, PLATINUM_PASSENGERS, TITANIUM_PASSENGERS, UPGRADED_TICKETS) VALUES (25, 1763490896, 28, 25, 23, 5621, 6070, 3623, 1429, 4)
INSERT dbo.MARKETING(FLIGHT_FK, PROMOTION_FK, TICKET_FK, PASSENGER_FK, DATE_FK, GOLD_PASSENGERS, ALUMINUM_PASSENGERS, PLATINUM_PASSENGERS, TITANIUM_PASSENGERS, UPGRADED_TICKETS) VALUES (47, 202174620, 34, 29, 2, 4145, 4217, 4, 1560, 1)
INSERT dbo.MARKETING(FLIGHT_FK, PROMOTION_FK, TICKET_FK, PASSENGER_FK, DATE_FK, GOLD_PASSENGERS, ALUMINUM_PASSENGERS, PLATINUM_PASSENGERS, TITANIUM_PASSENGERS, UPGRADED_TICKETS) VALUES (1, 202174618, 26, 42, 28, 37, 2325, 1, 15, 5)
INSERT dbo.MARKETING(FLIGHT_FK, PROMOTION_FK, TICKET_FK, PASSENGER_FK, DATE_FK, GOLD_PASSENGERS, ALUMINUM_PASSENGERS, PLATINUM_PASSENGERS, TITANIUM_PASSENGERS, UPGRADED_TICKETS) VALUES (7, 416922981, 45, 13, 48, 9754, 9, 1737, 95, 0)
INSERT dbo.MARKETING(FLIGHT_FK, PROMOTION_FK, TICKET_FK, PASSENGER_FK, DATE_FK, GOLD_PASSENGERS, ALUMINUM_PASSENGERS, PLATINUM_PASSENGERS, TITANIUM_PASSENGERS, UPGRADED_TICKETS) VALUES (32, 1449594821, 15, 38, 32, 7249, 4076, 72, 673, 1)
INSERT dbo.MARKETING(FLIGHT_FK, PROMOTION_FK, TICKET_FK, PASSENGER_FK, DATE_FK, GOLD_PASSENGERS, ALUMINUM_PASSENGERS, PLATINUM_PASSENGERS, TITANIUM_PASSENGERS, UPGRADED_TICKETS) VALUES (21, 1763490898, 45, 8, 7, 1018, 6136, 2530, 110, 2)
INSERT dbo.MARKETING(FLIGHT_FK, PROMOTION_FK, TICKET_FK, PASSENGER_FK, DATE_FK, GOLD_PASSENGERS, ALUMINUM_PASSENGERS, PLATINUM_PASSENGERS, TITANIUM_PASSENGERS, UPGRADED_TICKETS) VALUES (45, 1103224567, 10, 22, 28, 119, 534, 2665, 290, 5)
INSERT dbo.MARKETING(FLIGHT_FK, PROMOTION_FK, TICKET_FK, PASSENGER_FK, DATE_FK, GOLD_PASSENGERS, ALUMINUM_PASSENGERS, PLATINUM_PASSENGERS, TITANIUM_PASSENGERS, UPGRADED_TICKETS) VALUES (30, 202174616, 44, 45, 43, 9, 7296, 4180, 220, 3)
INSERT dbo.MARKETING(FLIGHT_FK, PROMOTION_FK, TICKET_FK, PASSENGER_FK, DATE_FK, GOLD_PASSENGERS, ALUMINUM_PASSENGERS, PLATINUM_PASSENGERS, TITANIUM_PASSENGERS, UPGRADED_TICKETS) VALUES (49, 692964407, 6, 45, 30, 7585, 1368, 4143, 1125, 5)
INSERT dbo.MARKETING(FLIGHT_FK, PROMOTION_FK, TICKET_FK, PASSENGER_FK, DATE_FK, GOLD_PASSENGERS, ALUMINUM_PASSENGERS, PLATINUM_PASSENGERS, TITANIUM_PASSENGERS, UPGRADED_TICKETS) VALUES (31, 692964406, 34, 45, 28, 51, 7924, 3582, 1771, 5)
INSERT dbo.MARKETING(FLIGHT_FK, PROMOTION_FK, TICKET_FK, PASSENGER_FK, DATE_FK, GOLD_PASSENGERS, ALUMINUM_PASSENGERS, PLATINUM_PASSENGERS, TITANIUM_PASSENGERS, UPGRADED_TICKETS) VALUES (32, 1763490897, 28, 37, 40, 5910, 104, 4914, 19, 4)
INSERT dbo.MARKETING(FLIGHT_FK, PROMOTION_FK, TICKET_FK, PASSENGER_FK, DATE_FK, GOLD_PASSENGERS, ALUMINUM_PASSENGERS, PLATINUM_PASSENGERS, TITANIUM_PASSENGERS, UPGRADED_TICKETS) VALUES (37, 1103224567, 25, 46, 30, 7145, 140, 417, 1965, 3)
INSERT dbo.MARKETING(FLIGHT_FK, PROMOTION_FK, TICKET_FK, PASSENGER_FK, DATE_FK, GOLD_PASSENGERS, ALUMINUM_PASSENGERS, PLATINUM_PASSENGERS, TITANIUM_PASSENGERS, UPGRADED_TICKETS) VALUES (32, 1763490896, 20, 42, 28, 2079, 4706, 4006, 215, 0)
INSERT dbo.MARKETING(FLIGHT_FK, PROMOTION_FK, TICKET_FK, PASSENGER_FK, DATE_FK, GOLD_PASSENGERS, ALUMINUM_PASSENGERS, PLATINUM_PASSENGERS, TITANIUM_PASSENGERS, UPGRADED_TICKETS) VALUES (19, 416922981, 11, 39, 5, 5970, 1846, 1947, 4, 5)
INSERT dbo.MARKETING(FLIGHT_FK, PROMOTION_FK, TICKET_FK, PASSENGER_FK, DATE_FK, GOLD_PASSENGERS, ALUMINUM_PASSENGERS, PLATINUM_PASSENGERS, TITANIUM_PASSENGERS, UPGRADED_TICKETS) VALUES (38, 416922981, 8, 9, 36, 241, 708, 576, 175, 3)
INSERT dbo.MARKETING(FLIGHT_FK, PROMOTION_FK, TICKET_FK, PASSENGER_FK, DATE_FK, GOLD_PASSENGERS, ALUMINUM_PASSENGERS, PLATINUM_PASSENGERS, TITANIUM_PASSENGERS, UPGRADED_TICKETS) VALUES (31, 692964407, 8, 39, 18, 2, 4651, 333, 1748, 2)
INSERT dbo.MARKETING(FLIGHT_FK, PROMOTION_FK, TICKET_FK, PASSENGER_FK, DATE_FK, GOLD_PASSENGERS, ALUMINUM_PASSENGERS, PLATINUM_PASSENGERS, TITANIUM_PASSENGERS, UPGRADED_TICKETS) VALUES (25, 1449594818, 26, 26, 17, 7170, 5973, 7, 1125, 0)
INSERT dbo.MARKETING(FLIGHT_FK, PROMOTION_FK, TICKET_FK, PASSENGER_FK, DATE_FK, GOLD_PASSENGERS, ALUMINUM_PASSENGERS, PLATINUM_PASSENGERS, TITANIUM_PASSENGERS, UPGRADED_TICKETS) VALUES (42, 1449594818, 28, 39, 9, 7793, 8398, 4444, 738, 5)
INSERT dbo.MARKETING(FLIGHT_FK, PROMOTION_FK, TICKET_FK, PASSENGER_FK, DATE_FK, GOLD_PASSENGERS, ALUMINUM_PASSENGERS, PLATINUM_PASSENGERS, TITANIUM_PASSENGERS, UPGRADED_TICKETS) VALUES (4, 478216042, 5, 49, 26, 683, 2789, 120, 1203, 4)
INSERT dbo.MARKETING(FLIGHT_FK, PROMOTION_FK, TICKET_FK, PASSENGER_FK, DATE_FK, GOLD_PASSENGERS, ALUMINUM_PASSENGERS, PLATINUM_PASSENGERS, TITANIUM_PASSENGERS, UPGRADED_TICKETS) VALUES (37, 202174618, 20, 40, 5, 7160, 3825, 4842, 242, 4)
INSERT dbo.MARKETING(FLIGHT_FK, PROMOTION_FK, TICKET_FK, PASSENGER_FK, DATE_FK, GOLD_PASSENGERS, ALUMINUM_PASSENGERS, PLATINUM_PASSENGERS, TITANIUM_PASSENGERS, UPGRADED_TICKETS) VALUES (24, 202174617, 18, 46, 31, 4045, 17, 826, 25, 3)
INSERT dbo.MARKETING(FLIGHT_FK, PROMOTION_FK, TICKET_FK, PASSENGER_FK, DATE_FK, GOLD_PASSENGERS, ALUMINUM_PASSENGERS, PLATINUM_PASSENGERS, TITANIUM_PASSENGERS, UPGRADED_TICKETS) VALUES (43, 1978239256, 6, 42, 45, 8814, 3, 9, 166, 5)
INSERT dbo.MARKETING(FLIGHT_FK, PROMOTION_FK, TICKET_FK, PASSENGER_FK, DATE_FK, GOLD_PASSENGERS, ALUMINUM_PASSENGERS, PLATINUM_PASSENGERS, TITANIUM_PASSENGERS, UPGRADED_TICKETS) VALUES (44, 1978239257, 4, 49, 15, 5, 4500, 1794, 1481, 2)
INSERT dbo.MARKETING(FLIGHT_FK, PROMOTION_FK, TICKET_FK, PASSENGER_FK, DATE_FK, GOLD_PASSENGERS, ALUMINUM_PASSENGERS, PLATINUM_PASSENGERS, TITANIUM_PASSENGERS, UPGRADED_TICKETS) VALUES (44, 1103224564, 26, 41, 20, 4402, 782, 1300, 1019, 4)
INSERT dbo.MARKETING(FLIGHT_FK, PROMOTION_FK, TICKET_FK, PASSENGER_FK, DATE_FK, GOLD_PASSENGERS, ALUMINUM_PASSENGERS, PLATINUM_PASSENGERS, TITANIUM_PASSENGERS, UPGRADED_TICKETS) VALUES (25, 1978239255, 42, 36, 49, 495, 1475, 48, 87, 1)
INSERT dbo.MARKETING(FLIGHT_FK, PROMOTION_FK, TICKET_FK, PASSENGER_FK, DATE_FK, GOLD_PASSENGERS, ALUMINUM_PASSENGERS, PLATINUM_PASSENGERS, TITANIUM_PASSENGERS, UPGRADED_TICKETS) VALUES (50, 416922985, 33, 24, 26, 13, 941, 810, 1683, 3)
INSERT dbo.MARKETING(FLIGHT_FK, PROMOTION_FK, TICKET_FK, PASSENGER_FK, DATE_FK, GOLD_PASSENGERS, ALUMINUM_PASSENGERS, PLATINUM_PASSENGERS, TITANIUM_PASSENGERS, UPGRADED_TICKETS) VALUES (50, 888476200, 7, 34, 50, 9060, 7233, 611, 1046, 3)
INSERT dbo.MARKETING(FLIGHT_FK, PROMOTION_FK, TICKET_FK, PASSENGER_FK, DATE_FK, GOLD_PASSENGERS, ALUMINUM_PASSENGERS, PLATINUM_PASSENGERS, TITANIUM_PASSENGERS, UPGRADED_TICKETS) VALUES (30, 416922984, 18, 16, 2, 4176, 3, 1826, 1276, 3)
INSERT dbo.MARKETING(FLIGHT_FK, PROMOTION_FK, TICKET_FK, PASSENGER_FK, DATE_FK, GOLD_PASSENGERS, ALUMINUM_PASSENGERS, PLATINUM_PASSENGERS, TITANIUM_PASSENGERS, UPGRADED_TICKETS) VALUES (8, 888476200, 5, 15, 34, 80, 854, 2566, 814, 5)
INSERT dbo.MARKETING(FLIGHT_FK, PROMOTION_FK, TICKET_FK, PASSENGER_FK, DATE_FK, GOLD_PASSENGERS, ALUMINUM_PASSENGERS, PLATINUM_PASSENGERS, TITANIUM_PASSENGERS, UPGRADED_TICKETS) VALUES (37, 1763490898, 34, 5, 34, 4587, 867, 1150, 1426, 1)
INSERT dbo.MARKETING(FLIGHT_FK, PROMOTION_FK, TICKET_FK, PASSENGER_FK, DATE_FK, GOLD_PASSENGERS, ALUMINUM_PASSENGERS, PLATINUM_PASSENGERS, TITANIUM_PASSENGERS, UPGRADED_TICKETS) VALUES (29, 1103224563, 12, 36, 45, 9141, 7763, 2398, 1901, 1)
INSERT dbo.MARKETING(FLIGHT_FK, PROMOTION_FK, TICKET_FK, PASSENGER_FK, DATE_FK, GOLD_PASSENGERS, ALUMINUM_PASSENGERS, PLATINUM_PASSENGERS, TITANIUM_PASSENGERS, UPGRADED_TICKETS) VALUES (24, 416922981, 49, 16, 42, 1935, 9102, 2377, 1310, 2)
GO

--
-- Inserting data into table dbo.RESERVATIONS
--
INSERT dbo.RESERVATIONS(FLIGHT_FK, TICKET_FK, DATE_FK, PASSENGER_FK, RESERVATION_FK, AIRPLANE_FK, TOTAL_PROFIT) VALUES (34, 5, 27, 12, 16, 49, 9103)
INSERT dbo.RESERVATIONS(FLIGHT_FK, TICKET_FK, DATE_FK, PASSENGER_FK, RESERVATION_FK, AIRPLANE_FK, TOTAL_PROFIT) VALUES (13, 16, 39, 34, 21, 5, 4985)
INSERT dbo.RESERVATIONS(FLIGHT_FK, TICKET_FK, DATE_FK, PASSENGER_FK, RESERVATION_FK, AIRPLANE_FK, TOTAL_PROFIT) VALUES (41, 14, 6, 19, 20, 40, 7794)
INSERT dbo.RESERVATIONS(FLIGHT_FK, TICKET_FK, DATE_FK, PASSENGER_FK, RESERVATION_FK, AIRPLANE_FK, TOTAL_PROFIT) VALUES (7, 18, 9, 48, 14, 13, 2436)
INSERT dbo.RESERVATIONS(FLIGHT_FK, TICKET_FK, DATE_FK, PASSENGER_FK, RESERVATION_FK, AIRPLANE_FK, TOTAL_PROFIT) VALUES (43, 31, 36, 16, 2, 49, 4845)
INSERT dbo.RESERVATIONS(FLIGHT_FK, TICKET_FK, DATE_FK, PASSENGER_FK, RESERVATION_FK, AIRPLANE_FK, TOTAL_PROFIT) VALUES (28, 20, 32, 30, 23, 35, 1980)
INSERT dbo.RESERVATIONS(FLIGHT_FK, TICKET_FK, DATE_FK, PASSENGER_FK, RESERVATION_FK, AIRPLANE_FK, TOTAL_PROFIT) VALUES (4, 23, 26, 33, 6, 9, 9890)
INSERT dbo.RESERVATIONS(FLIGHT_FK, TICKET_FK, DATE_FK, PASSENGER_FK, RESERVATION_FK, AIRPLANE_FK, TOTAL_PROFIT) VALUES (28, 39, 40, 45, 38, 11, 4940)
INSERT dbo.RESERVATIONS(FLIGHT_FK, TICKET_FK, DATE_FK, PASSENGER_FK, RESERVATION_FK, AIRPLANE_FK, TOTAL_PROFIT) VALUES (45, 28, 25, 12, 7, 28, 8820)
INSERT dbo.RESERVATIONS(FLIGHT_FK, TICKET_FK, DATE_FK, PASSENGER_FK, RESERVATION_FK, AIRPLANE_FK, TOTAL_PROFIT) VALUES (32, 17, 5, 47, 20, 22, 6915)
INSERT dbo.RESERVATIONS(FLIGHT_FK, TICKET_FK, DATE_FK, PASSENGER_FK, RESERVATION_FK, AIRPLANE_FK, TOTAL_PROFIT) VALUES (24, 13, 18, 12, 1, 24, 8676)
INSERT dbo.RESERVATIONS(FLIGHT_FK, TICKET_FK, DATE_FK, PASSENGER_FK, RESERVATION_FK, AIRPLANE_FK, TOTAL_PROFIT) VALUES (28, 47, 35, 6, 17, 28, 2039)
INSERT dbo.RESERVATIONS(FLIGHT_FK, TICKET_FK, DATE_FK, PASSENGER_FK, RESERVATION_FK, AIRPLANE_FK, TOTAL_PROFIT) VALUES (19, 46, 21, 21, 30, 41, 8519)
INSERT dbo.RESERVATIONS(FLIGHT_FK, TICKET_FK, DATE_FK, PASSENGER_FK, RESERVATION_FK, AIRPLANE_FK, TOTAL_PROFIT) VALUES (18, 35, 3, 19, 28, 8, 8099)
INSERT dbo.RESERVATIONS(FLIGHT_FK, TICKET_FK, DATE_FK, PASSENGER_FK, RESERVATION_FK, AIRPLANE_FK, TOTAL_PROFIT) VALUES (9, 36, 4, 37, 15, 12, 7424)
INSERT dbo.RESERVATIONS(FLIGHT_FK, TICKET_FK, DATE_FK, PASSENGER_FK, RESERVATION_FK, AIRPLANE_FK, TOTAL_PROFIT) VALUES (2, 36, 44, 16, 40, 44, 5845)
INSERT dbo.RESERVATIONS(FLIGHT_FK, TICKET_FK, DATE_FK, PASSENGER_FK, RESERVATION_FK, AIRPLANE_FK, TOTAL_PROFIT) VALUES (28, 36, 36, 20, 12, 8, 7770)
INSERT dbo.RESERVATIONS(FLIGHT_FK, TICKET_FK, DATE_FK, PASSENGER_FK, RESERVATION_FK, AIRPLANE_FK, TOTAL_PROFIT) VALUES (40, 32, 42, 24, 48, 30, 1860)
INSERT dbo.RESERVATIONS(FLIGHT_FK, TICKET_FK, DATE_FK, PASSENGER_FK, RESERVATION_FK, AIRPLANE_FK, TOTAL_PROFIT) VALUES (14, 43, 39, 4, 2, 3, 4627)
INSERT dbo.RESERVATIONS(FLIGHT_FK, TICKET_FK, DATE_FK, PASSENGER_FK, RESERVATION_FK, AIRPLANE_FK, TOTAL_PROFIT) VALUES (34, 11, 29, 42, 2, 5, 7636)
INSERT dbo.RESERVATIONS(FLIGHT_FK, TICKET_FK, DATE_FK, PASSENGER_FK, RESERVATION_FK, AIRPLANE_FK, TOTAL_PROFIT) VALUES (48, 10, 44, 4, 28, 39, 5154)
INSERT dbo.RESERVATIONS(FLIGHT_FK, TICKET_FK, DATE_FK, PASSENGER_FK, RESERVATION_FK, AIRPLANE_FK, TOTAL_PROFIT) VALUES (39, 35, 13, 13, 8, 36, 3260)
INSERT dbo.RESERVATIONS(FLIGHT_FK, TICKET_FK, DATE_FK, PASSENGER_FK, RESERVATION_FK, AIRPLANE_FK, TOTAL_PROFIT) VALUES (20, 41, 31, 6, 6, 45, 6623)
INSERT dbo.RESERVATIONS(FLIGHT_FK, TICKET_FK, DATE_FK, PASSENGER_FK, RESERVATION_FK, AIRPLANE_FK, TOTAL_PROFIT) VALUES (16, 7, 32, 46, 27, 34, 8226)
INSERT dbo.RESERVATIONS(FLIGHT_FK, TICKET_FK, DATE_FK, PASSENGER_FK, RESERVATION_FK, AIRPLANE_FK, TOTAL_PROFIT) VALUES (23, 45, 2, 34, 41, 29, 7667)
INSERT dbo.RESERVATIONS(FLIGHT_FK, TICKET_FK, DATE_FK, PASSENGER_FK, RESERVATION_FK, AIRPLANE_FK, TOTAL_PROFIT) VALUES (25, 33, 5, 32, 36, 18, 4988)
INSERT dbo.RESERVATIONS(FLIGHT_FK, TICKET_FK, DATE_FK, PASSENGER_FK, RESERVATION_FK, AIRPLANE_FK, TOTAL_PROFIT) VALUES (34, 49, 42, 1, 18, 1, 4270)
INSERT dbo.RESERVATIONS(FLIGHT_FK, TICKET_FK, DATE_FK, PASSENGER_FK, RESERVATION_FK, AIRPLANE_FK, TOTAL_PROFIT) VALUES (45, 15, 40, 49, 7, 16, 6414)
INSERT dbo.RESERVATIONS(FLIGHT_FK, TICKET_FK, DATE_FK, PASSENGER_FK, RESERVATION_FK, AIRPLANE_FK, TOTAL_PROFIT) VALUES (16, 9, 20, 9, 28, 25, 9438)
INSERT dbo.RESERVATIONS(FLIGHT_FK, TICKET_FK, DATE_FK, PASSENGER_FK, RESERVATION_FK, AIRPLANE_FK, TOTAL_PROFIT) VALUES (11, 50, 10, 40, 41, 17, 4190)
INSERT dbo.RESERVATIONS(FLIGHT_FK, TICKET_FK, DATE_FK, PASSENGER_FK, RESERVATION_FK, AIRPLANE_FK, TOTAL_PROFIT) VALUES (25, 46, 18, 42, 4, 24, 4882)
INSERT dbo.RESERVATIONS(FLIGHT_FK, TICKET_FK, DATE_FK, PASSENGER_FK, RESERVATION_FK, AIRPLANE_FK, TOTAL_PROFIT) VALUES (34, 20, 27, 7, 21, 17, 4276)
INSERT dbo.RESERVATIONS(FLIGHT_FK, TICKET_FK, DATE_FK, PASSENGER_FK, RESERVATION_FK, AIRPLANE_FK, TOTAL_PROFIT) VALUES (18, 37, 4, 1, 6, 39, 1926)
INSERT dbo.RESERVATIONS(FLIGHT_FK, TICKET_FK, DATE_FK, PASSENGER_FK, RESERVATION_FK, AIRPLANE_FK, TOTAL_PROFIT) VALUES (45, 19, 18, 11, 31, 6, 4063)
INSERT dbo.RESERVATIONS(FLIGHT_FK, TICKET_FK, DATE_FK, PASSENGER_FK, RESERVATION_FK, AIRPLANE_FK, TOTAL_PROFIT) VALUES (28, 4, 47, 13, 10, 40, 4192)
INSERT dbo.RESERVATIONS(FLIGHT_FK, TICKET_FK, DATE_FK, PASSENGER_FK, RESERVATION_FK, AIRPLANE_FK, TOTAL_PROFIT) VALUES (49, 22, 36, 41, 14, 25, 1954)
INSERT dbo.RESERVATIONS(FLIGHT_FK, TICKET_FK, DATE_FK, PASSENGER_FK, RESERVATION_FK, AIRPLANE_FK, TOTAL_PROFIT) VALUES (32, 26, 31, 33, 16, 47, 2937)
INSERT dbo.RESERVATIONS(FLIGHT_FK, TICKET_FK, DATE_FK, PASSENGER_FK, RESERVATION_FK, AIRPLANE_FK, TOTAL_PROFIT) VALUES (25, 6, 10, 41, 7, 23, 6387)
INSERT dbo.RESERVATIONS(FLIGHT_FK, TICKET_FK, DATE_FK, PASSENGER_FK, RESERVATION_FK, AIRPLANE_FK, TOTAL_PROFIT) VALUES (16, 21, 2, 20, 9, 8, 8392)
INSERT dbo.RESERVATIONS(FLIGHT_FK, TICKET_FK, DATE_FK, PASSENGER_FK, RESERVATION_FK, AIRPLANE_FK, TOTAL_PROFIT) VALUES (38, 37, 43, 27, 30, 8, 6718)
INSERT dbo.RESERVATIONS(FLIGHT_FK, TICKET_FK, DATE_FK, PASSENGER_FK, RESERVATION_FK, AIRPLANE_FK, TOTAL_PROFIT) VALUES (46, 7, 48, 40, 49, 28, 9188)
INSERT dbo.RESERVATIONS(FLIGHT_FK, TICKET_FK, DATE_FK, PASSENGER_FK, RESERVATION_FK, AIRPLANE_FK, TOTAL_PROFIT) VALUES (24, 39, 20, 6, 27, 46, 5047)
INSERT dbo.RESERVATIONS(FLIGHT_FK, TICKET_FK, DATE_FK, PASSENGER_FK, RESERVATION_FK, AIRPLANE_FK, TOTAL_PROFIT) VALUES (47, 14, 27, 23, 10, 15, 7290)
INSERT dbo.RESERVATIONS(FLIGHT_FK, TICKET_FK, DATE_FK, PASSENGER_FK, RESERVATION_FK, AIRPLANE_FK, TOTAL_PROFIT) VALUES (23, 8, 10, 5, 30, 19, 9149)
INSERT dbo.RESERVATIONS(FLIGHT_FK, TICKET_FK, DATE_FK, PASSENGER_FK, RESERVATION_FK, AIRPLANE_FK, TOTAL_PROFIT) VALUES (44, 8, 1, 37, 50, 8, 5745)
INSERT dbo.RESERVATIONS(FLIGHT_FK, TICKET_FK, DATE_FK, PASSENGER_FK, RESERVATION_FK, AIRPLANE_FK, TOTAL_PROFIT) VALUES (20, 16, 20, 22, 9, 9, 7467)
INSERT dbo.RESERVATIONS(FLIGHT_FK, TICKET_FK, DATE_FK, PASSENGER_FK, RESERVATION_FK, AIRPLANE_FK, TOTAL_PROFIT) VALUES (33, 46, 6, 37, 45, 27, 4108)
INSERT dbo.RESERVATIONS(FLIGHT_FK, TICKET_FK, DATE_FK, PASSENGER_FK, RESERVATION_FK, AIRPLANE_FK, TOTAL_PROFIT) VALUES (32, 1, 30, 16, 47, 8, 7551)
INSERT dbo.RESERVATIONS(FLIGHT_FK, TICKET_FK, DATE_FK, PASSENGER_FK, RESERVATION_FK, AIRPLANE_FK, TOTAL_PROFIT) VALUES (43, 34, 12, 35, 45, 7, 8701)
INSERT dbo.RESERVATIONS(FLIGHT_FK, TICKET_FK, DATE_FK, PASSENGER_FK, RESERVATION_FK, AIRPLANE_FK, TOTAL_PROFIT) VALUES (33, 23, 2, 36, 9, 17, 9483)
GO

--
-- Set NOEXEC to off
--

SET NOEXEC OFF
GO